{"RMSE_loss": 205.19273376464844, "R^2 score": -1.5169607400894165, "training_duration": 1.151947, "inference_latency": 0.0002840666666666667}