{"RMSE_loss": 3.0956003665924072, "R^2 score": -0.9037922620773315, "training_duration": 0.842911, "inference_latency": 0.00023545000000000003}