{"RMSE_loss": 103.4410171508789, "R^2 score": 0.26071056723594666, "training_duration": 10.257073, "inference_latency": 0.00022570500000000012}