{"RMSE_loss": 2.4347546100616455, "R^2 score": -0.1106167808175087, "training_duration": 1.367203, "inference_latency": 0.0010391833333333333}