{"RMSE_loss": 207.88873291015625, "R^2 score": -1.5238902568817139, "training_duration": 1.080649, "inference_latency": 0.00018346666666666666}