{"RMSE_loss": 0.5332071185112, "R^2 score": 0.700046718120575, "training_duration": 10.38716, "inference_latency": 0.00022141833333333324}