{"RMSE_loss": 2.2274086475372314, "R^2 score": -0.03590013086795807, "training_duration": 0.784492, "inference_latency": 0.0002025}