{"RMSE_loss": 0.7813572883605957, "R^2 score": 0.4178946018218994, "training_duration": 10.642295, "inference_latency": 0.00026528666666666647}