{"RMSE_loss": 1.800382137298584, "R^2 score": -2.1398839950561523, "training_duration": 10.182465, "inference_latency": 0.00018600166666666673}