{"RMSE_loss": 6.696199893951416, "R^2 score": -7.397302150726318, "training_duration": 0.759277, "inference_latency": 0.00020217500000000002}