{"RMSE_loss": 127.8936996459961, "R^2 score": -0.27483320236206055, "training_duration": 11.991416, "inference_latency": 0.00040070999999999954}