{"RMSE_loss": 287.12225341796875, "R^2 score": -563.260986328125, "training_duration": 10.205895, "inference_latency": 0.00028601666666666707}