{"RMSE_loss": 2.939570188522339, "R^2 score": -0.5085526704788208, "training_duration": 0.768875, "inference_latency": 0.000249475}