{"RMSE_loss": 3.150059223175049, "R^2 score": -0.695603609085083, "training_duration": 1.110813, "inference_latency": 0.00016186666666666668}