{"RMSE_loss": 4.106797695159912, "R^2 score": -2.241760492324829, "training_duration": 1.055967, "inference_latency": 0.00024418333333333324}