{"RMSE_loss": 2.3686602115631104, "R^2 score": -0.16494213044643402, "training_duration": 7.735088, "inference_latency": 0.00023194250000000026}