{"RMSE_loss": 2.2542951107025146, "R^2 score": -0.1680344194173813, "training_duration": 0.835457, "inference_latency": 0.00023112500000000005}