{"RMSE_loss": 2.31941556930542, "R^2 score": -0.1148572787642479, "training_duration": 0.758313, "inference_latency": 0.00023682500000000002}