{"RMSE_loss": 1.3583934307098389, "R^2 score": -0.038022153079509735, "training_duration": 10.610649, "inference_latency": 0.00023011999999999994}