{"RMSE_loss": 201.05227661132812, "R^2 score": -1.5581952333450317, "training_duration": 1.082958, "inference_latency": 0.00020620000000000005}