{"RMSE_loss": 114.9525375366211, "R^2 score": 0.16506744921207428, "training_duration": 10.432045, "inference_latency": 0.00025493166666666677}