{"RMSE_loss": 4.565793037414551, "R^2 score": -3.0988054275512695, "training_duration": 0.877922, "inference_latency": 0.0008412999999999997}