{"RMSE_loss": 4.520340442657471, "R^2 score": -3.0732827186584473, "training_duration": 0.815435, "inference_latency": 0.0003502}