{"RMSE_loss": 199.77638244628906, "R^2 score": -1.6335761547088623, "training_duration": 10.327136, "inference_latency": 0.00017194500000000012}