{"RMSE_loss": 11.022504806518555, "R^2 score": -20.207317352294922, "training_duration": 0.772061, "inference_latency": 0.00019992499999999997}