{"RMSE_loss": 2.341176748275757, "R^2 score": 0.008498447015881538, "training_duration": 1.064329, "inference_latency": 0.00014335}