{"RMSE_loss": 1.022234559059143, "R^2 score": -0.17420463263988495, "training_duration": 10.577055, "inference_latency": 0.0002031683333333331}