{"RMSE_loss": 2.319061279296875, "R^2 score": -0.08703378587961197, "training_duration": 1.360894, "inference_latency": 0.00017188333333333338}