{"RMSE_loss": 5.0141448974609375, "R^2 score": -3.3926987648010254, "training_duration": 1.024436, "inference_latency": 0.0001985166666666667}