{"RMSE_loss": 10.618206024169922, "R^2 score": -19.730182647705078, "training_duration": 1.096858, "inference_latency": 0.00040861666666666674}