{"RMSE_loss": 1.8886744976043701, "R^2 score": 0.18223392963409424, "training_duration": 13.033375, "inference_latency": 0.0009461249999999999}