{"RMSE_loss": 2.525341510772705, "R^2 score": -0.9457542896270752, "training_duration": 10.467179, "inference_latency": 0.00027460666666666604}