{"RMSE_loss": 2.4719550609588623, "R^2 score": -0.19794295728206635, "training_duration": 10.558835, "inference_latency": 0.00028460166666666626}