{"RMSE_loss": 2.5206570625305176, "R^2 score": -0.12974557280540466, "training_duration": 0.807169, "inference_latency": 0.000287125}