{"RMSE_loss": 1.9256771802902222, "R^2 score": 0.18765968084335327, "training_duration": 7.89198, "inference_latency": 0.00024396249999999995}