{"RMSE_loss": 121.41148376464844, "R^2 score": -0.08461379259824753, "training_duration": 10.630338, "inference_latency": 0.0004353166666666669}