{"RMSE_loss": 3.5661492347717285, "R^2 score": -1.5831141471862793, "training_duration": 1.086717, "inference_latency": 0.00019618333333333335}