{"RMSE_loss": 102.19400024414062, "R^2 score": 0.22361643612384796, "training_duration": 11.016641, "inference_latency": 0.0002779049999999998}