{"RMSE_loss": 111.18135070800781, "R^2 score": 0.2534830868244171, "training_duration": 10.618598, "inference_latency": 0.00019547833333333342}