{"RMSE_loss": 98.18734741210938, "R^2 score": 0.2861962616443634, "training_duration": 10.278688, "inference_latency": 0.00022010000000000012}