{"RMSE_loss": 134.73658752441406, "R^2 score": -0.3483010232448578, "training_duration": 10.721543, "inference_latency": 0.00026706}