{"RMSE_loss": 3.972559690475464, "R^2 score": -1.6261037588119507, "training_duration": 0.768361, "inference_latency": 0.00025512500000000003}