{"RMSE_loss": 1.4489091634750366, "R^2 score": -0.15018367767333984, "training_duration": 10.311164, "inference_latency": 0.00026103166666666675}