{"RMSE_loss": 3.3202412128448486, "R^2 score": -1.1789495944976807, "training_duration": 0.81281, "inference_latency": 0.0002744499999999999}