{"RMSE_loss": 109.34610748291016, "R^2 score": 0.2560747265815735, "training_duration": 10.590005, "inference_latency": 0.0002426166666666663}