{"RMSE_loss": 2.553029775619507, "R^2 score": -0.20559345185756683, "training_duration": 1.025404, "inference_latency": 0.00019748333333333335}