{"RMSE_loss": 4.888787269592285, "R^2 score": -3.516247510910034, "training_duration": 1.078661, "inference_latency": 0.00022238333333333328}