{"RMSE_loss": 1.4164235591888428, "R^2 score": -0.144102081656456, "training_duration": 10.830568, "inference_latency": 0.0002363716666666668}