{"RMSE_loss": 1.3481478691101074, "R^2 score": 0.014420810155570507, "training_duration": 11.398877, "inference_latency": 0.00028932166666666674}