{"RMSE_loss": 109.04283142089844, "R^2 score": 0.19143594801425934, "training_duration": 10.309837, "inference_latency": 0.000202966666666667}