{"RMSE_loss": 3.2845892906188965, "R^2 score": -1.258462905883789, "training_duration": 0.766494, "inference_latency": 0.000197175}