{"RMSE_loss": 3.7872235774993896, "R^2 score": -1.8335610628128052, "training_duration": 1.081236, "inference_latency": 0.0001558166666666667}