{"RMSE_loss": 208.02268981933594, "R^2 score": -1.5153834819793701, "training_duration": 1.288062, "inference_latency": 0.0005315833333333333}