{"RMSE_loss": 4.360756874084473, "R^2 score": -2.783259868621826, "training_duration": 0.785865, "inference_latency": 0.0003987999999999998}