{"RMSE_loss": 110.86276245117188, "R^2 score": 0.11102733761072159, "training_duration": 10.203319, "inference_latency": 0.00024679333333333335}