{"RMSE_loss": 0.6062626838684082, "R^2 score": -1.5044273138046265, "training_duration": 10.553873, "inference_latency": 0.0002454}