{"RMSE_loss": 4.7518486976623535, "R^2 score": -3.0394716262817383, "training_duration": 1.082199, "inference_latency": 0.00018046666666666673}