{"RMSE_loss": 2.7787017822265625, "R^2 score": -0.6792054176330566, "training_duration": 7.966929, "inference_latency": 0.0002377999999999999}