{"RMSE_loss": 2.026073932647705, "R^2 score": 0.19959640502929688, "training_duration": 11.770058, "inference_latency": 0.0007752333333333333}