{"RMSE_loss": 1.688585638999939, "R^2 score": -2.861679792404175, "training_duration": 11.666871, "inference_latency": 0.000249271666666667}