{"RMSE_loss": 2.4858219623565674, "R^2 score": -0.10540450364351273, "training_duration": 1.011355, "inference_latency": 0.0001821833333333334}