{"RMSE_loss": 112.86722564697266, "R^2 score": 0.2085089534521103, "training_duration": 10.507996, "inference_latency": 0.0003011633333333331}