{"RMSE_loss": 129.12442016601562, "R^2 score": -0.13793598115444183, "training_duration": 10.653076, "inference_latency": 0.00024714166666666646}