{"RMSE_loss": 1.051893949508667, "R^2 score": -0.6608313322067261, "training_duration": 10.34543, "inference_latency": 0.0002263566666666668}