{"RMSE_loss": 4.594084739685059, "R^2 score": -3.29367733001709, "training_duration": 1.030664, "inference_latency": 0.00027636666666666675}