{"RMSE_loss": 2786654720.0, "R^2 score": -5.389259335920517e+17, "training_duration": 10.258527, "inference_latency": 0.00024492666666666655}