{"RMSE_loss": 200.59913635253906, "R^2 score": -1.5926883220672607, "training_duration": 10.48853, "inference_latency": 0.00024257999999999992}