{"RMSE_loss": 4.5032525062561035, "R^2 score": -2.588324546813965, "training_duration": 1.064722, "inference_latency": 0.00023606666666666664}