{"RMSE_loss": 8.691512107849121, "R^2 score": -13.656479835510254, "training_duration": 1.074926, "inference_latency": 0.0001421}