{"RMSE_loss": 200.40478515625, "R^2 score": -1.4982631206512451, "training_duration": 10.182233, "inference_latency": 0.00017524999999999998}