{"RMSE_loss": 202.2648468017578, "R^2 score": -1.6344094276428223, "training_duration": 10.457586, "inference_latency": 0.00021051333333333333}