{"RMSE_loss": 4.7454423904418945, "R^2 score": -2.9308600425720215, "training_duration": 0.772625, "inference_latency": 0.00029405}