{"RMSE_loss": 4.98061466217041, "R^2 score": -3.5344038009643555, "training_duration": 1.121103, "inference_latency": 0.00024955}