{"RMSE_loss": 4.63385534286499, "R^2 score": -2.7962429523468018, "training_duration": 0.800624, "inference_latency": 0.00026557500000000015}