{"RMSE_loss": 3.3312008380889893, "R^2 score": -1.3248766660690308, "training_duration": 0.749645, "inference_latency": 0.00024474999999999996}