{"RMSE_loss": 5.0440449714660645, "R^2 score": -4.009702682495117, "training_duration": 1.036847, "inference_latency": 0.0002301666666666667}