{"RMSE_loss": 3.1627392768859863, "R^2 score": -0.8240227103233337, "training_duration": 1.087906, "inference_latency": 0.0002634833333333333}