{"RMSE_loss": 178.28526306152344, "R^2 score": -1.5229377746582031, "training_duration": 10.134441, "inference_latency": 0.00026542166666666675}