{"RMSE_loss": 1.351747751235962, "R^2 score": -7.596345901489258, "training_duration": 10.55031, "inference_latency": 0.00021141666666666664}