{"RMSE_loss": 4.525811195373535, "R^2 score": -2.947192907333374, "training_duration": 1.068178, "inference_latency": 0.0002364833333333334}