{"RMSE_loss": 199.84814453125, "R^2 score": -1.5454479455947876, "training_duration": 10.537075, "inference_latency": 0.00018420166666666642}