{"RMSE_loss": 3.442936658859253, "R^2 score": -1.3972914218902588, "training_duration": 7.839438, "inference_latency": 0.00027687}