{"RMSE_loss": 8.637616157531738, "R^2 score": -12.98045825958252, "training_duration": 1.059736, "inference_latency": 0.0002515166666666667}