{"RMSE_loss": 204.62342834472656, "R^2 score": -1.6264588832855225, "training_duration": 1.123727, "inference_latency": 0.00023293333333333338}