{"RMSE_loss": 3.938528537750244, "R^2 score": -1.7121047973632812, "training_duration": 0.997211, "inference_latency": 0.0001868333333333333}