{"RMSE_loss": 197.72157287597656, "R^2 score": -1.6357256174087524, "training_duration": 10.331605, "inference_latency": 0.00022526166666666684}