{"RMSE_loss": 2.6382651329040527, "R^2 score": -0.3209339380264282, "training_duration": 1.068568, "inference_latency": 0.00016470000000000002}