{"RMSE_loss": 0.9461253881454468, "R^2 score": 0.09943876415491104, "training_duration": 10.603419, "inference_latency": 0.0002357683333333333}