{"RMSE_loss": 3.267768383026123, "R^2 score": -0.8683452606201172, "training_duration": 0.808998, "inference_latency": 0.00025885000000000003}