{"RMSE_loss": 2.510263681411743, "R^2 score": -0.27251574397087097, "training_duration": 1.015217, "inference_latency": 0.00015188333333333333}