{"RMSE_loss": 2.199190139770508, "R^2 score": -0.030314287170767784, "training_duration": 10.468291, "inference_latency": 0.00018176333333333342}