{"validation_score": 0.7626060606060606, "F1_score": 0.839385916495094, "accuracy": 0.8370221327967807}