{"validation_score": 0.3333333333333333, "F1_score_train": 0.44997058771048, "F1_score_test": 0.3867205718768251, "F1_score_validation": 0.4179823563437444, "accuracy_train": 0.42424242424242425, "accuracy_test": 0.35240963855421686, "accuracy_validation": 0.37650602409638556, "recall_score_train": 0.40016878546290313, "recall_score_test": 0.3377157658998455, "recall_score_validation": 0.34910102675700333, "precision_score_train": 0.4788522012578616, "precision_score_test": 0.40519102796779743, "precision_score_validation": 0.35172880185777944}