{"RMSE_loss": 1.3356157541275024, "R^2 score": 0.6328002214431763, "training_duration": 11.484748, "inference_latency": 0.0005034183333333334}