{"RMSE_loss": 3.357179880142212, "R^2 score": -1.4132353067398071, "training_duration": 7.800755, "inference_latency": 0.00019870499999999992}