{"RMSE_loss": 2.3527562618255615, "R^2 score": -0.1469135880470276, "training_duration": 0.757516, "inference_latency": 0.000255475}