{"RMSE_loss": 4.24292516708374, "R^2 score": -2.6406595706939697, "training_duration": 8.225437, "inference_latency": 0.0002813975}