{"RMSE_loss": 4.01784086227417, "R^2 score": -2.2441108226776123, "training_duration": 1.063431, "inference_latency": 0.00027449999999999995}