{"RMSE_loss": 4.65233039855957, "R^2 score": -3.33970308303833, "training_duration": 0.837162, "inference_latency": 0.0005793999999999999}