{"RMSE_loss": 5.685770511627197, "R^2 score": -5.1689772605896, "training_duration": 0.99093, "inference_latency": 0.00021266666666666664}