{"RMSE_loss": 4.392546653747559, "R^2 score": -2.603546142578125, "training_duration": 1.026736, "inference_latency": 0.00018303333333333325}