{"RMSE_loss": 111.20755004882812, "R^2 score": 0.23987211287021637, "training_duration": 11.970088, "inference_latency": 0.0003876283333333333}