{"RMSE_loss": 103.1080093383789, "R^2 score": 0.2652149498462677, "training_duration": 10.709263, "inference_latency": 0.0002618833333333333}