{"RMSE_loss": 4.607644081115723, "R^2 score": -2.7322640419006348, "training_duration": 0.785659, "inference_latency": 0.000279675}