{"RMSE_loss": 13.654141426086426, "R^2 score": -31.713109970092773, "training_duration": 1.025964, "inference_latency": 0.00016803333333333334}