{"RMSE_loss": 0.6927798986434937, "R^2 score": 0.4770882725715637, "training_duration": 11.053801, "inference_latency": 0.00026080333333333326}