{"RMSE_loss": 5.184886932373047, "R^2 score": -3.6976921558380127, "training_duration": 0.79801, "inference_latency": 0.000246175}