{"RMSE_loss": 4.516512870788574, "R^2 score": -3.030125141143799, "training_duration": 0.925336, "inference_latency": 0.0009627749999999999}