{"RMSE_loss": 3.4588160514831543, "R^2 score": -1.4134913682937622, "training_duration": 1.024678, "inference_latency": 0.0002088833333333333}