{"RMSE_loss": 4.38907527923584, "R^2 score": -2.624727487564087, "training_duration": 1.029328, "inference_latency": 0.00023780000000000006}