{"RMSE_loss": 1.924561619758606, "R^2 score": 0.293179452419281, "training_duration": 11.142423, "inference_latency": 0.0004748049999999998}