{"RMSE_loss": 199.11233520507812, "R^2 score": -1.648470163345337, "training_duration": 10.447527, "inference_latency": 0.00026789000000000007}