{"RMSE_loss": 4.914025783538818, "R^2 score": -3.087615489959717, "training_duration": 1.036686, "inference_latency": 0.00020754999999999998}