{"RMSE_loss": 128.13717651367188, "R^2 score": -0.05142761021852493, "training_duration": 10.605241, "inference_latency": 0.00024593833333333334}