{"RMSE_loss": 3.4078173637390137, "R^2 score": -1.0344231128692627, "training_duration": 1.101092, "inference_latency": 0.00015663333333333336}