{"RMSE_loss": 2.5473361015319824, "R^2 score": -0.42771005630493164, "training_duration": 0.776518, "inference_latency": 0.0002729500000000001}