{"RMSE_loss": 2.2907917499542236, "R^2 score": -0.0863145962357521, "training_duration": 0.829447, "inference_latency": 0.00022582500000000003}