{"RMSE_loss": 192.17837524414062, "R^2 score": -1.342542290687561, "training_duration": 10.689632, "inference_latency": 0.0002532283333333337}