{"RMSE_loss": 1.3843027353286743, "R^2 score": -0.06486133486032486, "training_duration": 10.507502, "inference_latency": 0.00022751333333333344}