{"RMSE_loss": 109.84153747558594, "R^2 score": 0.26325899362564087, "training_duration": 10.325782, "inference_latency": 0.00024616166666666675}