{"RMSE_loss": 104.34078979492188, "R^2 score": 0.23545514047145844, "training_duration": 10.25878, "inference_latency": 0.00023800499999999993}