{"RMSE_loss": 138.74586486816406, "R^2 score": -0.3545845150947571, "training_duration": 10.26281, "inference_latency": 0.00020283833333333345}