{"RMSE_loss": 2.5514163970947266, "R^2 score": -1.626562237739563, "training_duration": 10.594289, "inference_latency": 0.00022578333333333312}