{"RMSE_loss": 1.5602757930755615, "R^2 score": -2.986903190612793, "training_duration": 10.442773, "inference_latency": 0.0002125216666666666}