{"RMSE_loss": 194.83685302734375, "R^2 score": -1.585971713066101, "training_duration": 10.831126, "inference_latency": 0.00024073166666666645}