{"RMSE_loss": 143.59877014160156, "R^2 score": -0.360291451215744, "training_duration": 10.635403, "inference_latency": 0.0002524633333333337}