{"RMSE_loss": 1.3601418733596802, "R^2 score": 0.5861666202545166, "training_duration": 10.429876, "inference_latency": 0.0002045816666666669}