{"RMSE_loss": 204.65203857421875, "R^2 score": -1.5771737098693848, "training_duration": 1.15364, "inference_latency": 0.00024694999999999996}