{"RMSE_loss": 201.60231018066406, "R^2 score": -1.628301739692688, "training_duration": 10.529961, "inference_latency": 0.00019332000000000016}