{"RMSE_loss": 3.4445865154266357, "R^2 score": -1.062709927558899, "training_duration": 0.782037, "inference_latency": 0.000273825}