{"RMSE_loss": 4.558176517486572, "R^2 score": -2.4762845039367676, "training_duration": 0.80423, "inference_latency": 0.00026255}