{"RMSE_loss": 8.14301586151123, "R^2 score": -12.6793794631958, "training_duration": 0.753758, "inference_latency": 0.00026105}