{"RMSE_loss": 5.315199375152588, "R^2 score": -3.903827667236328, "training_duration": 0.789469, "inference_latency": 0.000261325}