{"RMSE_loss": 2.299730062484741, "R^2 score": -0.08812414109706879, "training_duration": 7.55933, "inference_latency": 0.00020042500000000006}