{"RMSE_loss": 159.23387145996094, "R^2 score": -0.7876810431480408, "training_duration": 10.732681, "inference_latency": 0.0002540250000000001}