{"RMSE_loss": 133.9846649169922, "R^2 score": -0.132717564702034, "training_duration": 10.261579, "inference_latency": 0.00021243666666666665}