{"RMSE_loss": 3.6292049884796143, "R^2 score": -1.2821922302246094, "training_duration": 0.789212, "inference_latency": 0.00027864999999999997}