{"RMSE_loss": 3.5893795490264893, "R^2 score": -1.6636483669281006, "training_duration": 0.850595, "inference_latency": 0.0004950499999999998}