{"RMSE_loss": 4.641258239746094, "R^2 score": -2.778294086456299, "training_duration": 1.024909, "inference_latency": 0.0002124666666666666}