{"RMSE_loss": 4.779120445251465, "R^2 score": -3.1260170936584473, "training_duration": 1.077991, "inference_latency": 0.00019916666666666664}