{"RMSE_loss": 1.4638402462005615, "R^2 score": 0.4954579770565033, "training_duration": 10.413926, "inference_latency": 0.00023172499999999985}