{"RMSE_loss": 2.023395299911499, "R^2 score": 0.18359375, "training_duration": 7.785014, "inference_latency": 0.00019780749999999994}