{"RMSE_loss": 4.315133571624756, "R^2 score": -2.9285635948181152, "training_duration": 0.802654, "inference_latency": 0.00020737499999999996}