{"RMSE_loss": 0.5277902483940125, "R^2 score": 0.7130843997001648, "training_duration": 10.582203, "inference_latency": 0.000188685}