{"RMSE_loss": 125.65302276611328, "R^2 score": -0.0009541167528368533, "training_duration": 10.295791, "inference_latency": 0.00015020000000000002}