{"RMSE_loss": 5.141721248626709, "R^2 score": -3.4055957794189453, "training_duration": 0.769308, "inference_latency": 0.00020157499999999998}