{"RMSE_loss": 3.020353078842163, "R^2 score": -0.7225447297096252, "training_duration": 1.013338, "inference_latency": 0.00018856666666666668}