{"RMSE_loss": 3.6478538513183594, "R^2 score": -1.4402934312820435, "training_duration": 1.026465, "inference_latency": 0.0002411333333333333}