{"RMSE_loss": 3.2463457584381104, "R^2 score": -1.0424344539642334, "training_duration": 1.071927, "inference_latency": 0.0001653333333333333}