{"RMSE_loss": 200.58688354492188, "R^2 score": -1.5549379587173462, "training_duration": 10.732109, "inference_latency": 0.00022884000000000028}