{"RMSE_loss": 2.163053274154663, "R^2 score": 0.09559892117977142, "training_duration": 10.583867, "inference_latency": 0.00027973833333333334}