{"RMSE_loss": 7.161665439605713, "R^2 score": -9.51894760131836, "training_duration": 1.018984, "inference_latency": 0.00020401666666666673}