{"RMSE_loss": 201.2611083984375, "R^2 score": -1.5969905853271484, "training_duration": 10.557797, "inference_latency": 0.0002227700000000001}