{"RMSE_loss": 1.7068443298339844, "R^2 score": -0.6422743797302246, "training_duration": 10.651023, "inference_latency": 0.00028956166666666683}