{"RMSE_loss": 4.966257095336914, "R^2 score": -4.123339653015137, "training_duration": 0.766267, "inference_latency": 0.00027267500000000005}