{"RMSE_loss": 3.2815449237823486, "R^2 score": -1.0827096700668335, "training_duration": 11.187403, "inference_latency": 0.0005917850000000003}