{"RMSE_loss": 4.357481479644775, "R^2 score": -2.5375816822052, "training_duration": 11.945176, "inference_latency": 0.0009865466666666668}