{"RMSE_loss": 6.938196182250977, "R^2 score": -8.502669334411621, "training_duration": 1.06082, "inference_latency": 0.00015149999999999997}