{"RMSE_loss": 3.0700936317443848, "R^2 score": -0.9614254236221313, "training_duration": 0.766588, "inference_latency": 0.00020350000000000004}