{"RMSE_loss": 6.304469108581543, "R^2 score": -6.374773025512695, "training_duration": 1.343458, "inference_latency": 0.00031578333333333314}