{"RMSE_loss": 1.4456863403320312, "R^2 score": -0.34921982884407043, "training_duration": 10.686332, "inference_latency": 0.0002598699999999999}