{"RMSE_loss": 0.6510608196258545, "R^2 score": 0.5272734761238098, "training_duration": 10.402046, "inference_latency": 0.00023357000000000016}