{"RMSE_loss": 201.98728942871094, "R^2 score": -1.5676767826080322, "training_duration": 1.114428, "inference_latency": 0.00027218333333333344}