{"RMSE_loss": 129.11944580078125, "R^2 score": -0.05616782605648041, "training_duration": 10.317907, "inference_latency": 0.00015650666666666656}