{"RMSE_loss": 2.743842601776123, "R^2 score": -0.6826314926147461, "training_duration": 0.761418, "inference_latency": 0.00027962500000000003}