{"RMSE_loss": 201.5540008544922, "R^2 score": -1.567665457725525, "training_duration": 1.174547, "inference_latency": 0.0003325333333333334}