{"RMSE_loss": 1.0514543056488037, "R^2 score": -0.011096935719251633, "training_duration": 10.690465, "inference_latency": 0.00029091333333333317}