{"RMSE_loss": 3.557177782058716, "R^2 score": -1.3556996583938599, "training_duration": 10.920649, "inference_latency": 0.0005097900000000001}