{"RMSE_loss": 3.293147563934326, "R^2 score": -0.9073867797851562, "training_duration": 0.79802, "inference_latency": 0.00024802499999999997}