{"RMSE_loss": 4.8997063636779785, "R^2 score": -3.639570951461792, "training_duration": 1.015934, "inference_latency": 0.0001738833333333333}