{"RMSE_loss": 4.275966167449951, "R^2 score": -2.09491229057312, "training_duration": 0.799198, "inference_latency": 0.00023457499999999997}