{"RMSE_loss": 202.1582489013672, "R^2 score": -1.623000144958496, "training_duration": 10.240114, "inference_latency": 0.0001633283333333337}