{"RMSE_loss": 163.32862854003906, "R^2 score": -0.9161382913589478, "training_duration": 11.457565, "inference_latency": 0.000326975}