{"RMSE_loss": 203.88356018066406, "R^2 score": -1.6167155504226685, "training_duration": 1.12121, "inference_latency": 0.0002526833333333334}