{"RMSE_loss": 1.383726716041565, "R^2 score": -0.23382484912872314, "training_duration": 10.223448, "inference_latency": 0.00027835833333333325}