{"RMSE_loss": 201.74594116210938, "R^2 score": -1.5859346389770508, "training_duration": 10.454779, "inference_latency": 0.00018269000000000008}