{"RMSE_loss": 2.740617036819458, "R^2 score": -0.25341784954071045, "training_duration": 0.790474, "inference_latency": 0.000229875}