{"RMSE_loss": 125.33218383789062, "R^2 score": -0.1567903310060501, "training_duration": 10.029377, "inference_latency": 0.00022754499999999984}