{"RMSE_loss": 2.518202781677246, "R^2 score": -0.1958344280719757, "training_duration": 1.037668, "inference_latency": 0.00022938333333333334}