{"RMSE_loss": 143.66070556640625, "R^2 score": -0.3162389397621155, "training_duration": 10.496123, "inference_latency": 0.00018771666666666666}