{"RMSE_loss": 4.933816909790039, "R^2 score": -3.2385811805725098, "training_duration": 0.789105, "inference_latency": 0.00027662500000000007}