{"RMSE_loss": 0.5314239263534546, "R^2 score": 0.6192745566368103, "training_duration": 10.859206, "inference_latency": 0.0003463283333333336}