{"RMSE_loss": 0.9807854294776917, "R^2 score": 0.012221804820001125, "training_duration": 10.350967, "inference_latency": 0.00022672333333333342}