{"RMSE_loss": 3.4525604248046875, "R^2 score": -1.6747980117797852, "training_duration": 7.790859, "inference_latency": 0.00024685250000000005}