{"RMSE_loss": 201.7742919921875, "R^2 score": -1.5726641416549683, "training_duration": 10.209115, "inference_latency": 0.00020815166666666657}