{"RMSE_loss": 12.184416770935059, "R^2 score": -25.23984146118164, "training_duration": 1.040724, "inference_latency": 0.00018698333333333337}