{"RMSE_loss": 4.485923767089844, "R^2 score": -2.919790744781494, "training_duration": 0.894873, "inference_latency": 0.0012586499999999998}