{"RMSE_loss": 1.5524295568466187, "R^2 score": -13.775646209716797, "training_duration": 10.876075, "inference_latency": 0.0003753299999999999}