{"RMSE_loss": 141.70521545410156, "R^2 score": -0.5245735049247742, "training_duration": 10.422186, "inference_latency": 0.00020283500000000017}