{"RMSE_loss": 0.6213495135307312, "R^2 score": -0.8893150687217712, "training_duration": 10.805731, "inference_latency": 0.00025234666666666634}