{"RMSE_loss": 8.883306503295898, "R^2 score": -12.885042190551758, "training_duration": 0.797037, "inference_latency": 0.0002072}