{"RMSE_loss": 1.1822742223739624, "R^2 score": -0.646701455116272, "training_duration": 10.492207, "inference_latency": 0.0002129033333333333}