{"RMSE_loss": 1.3387819528579712, "R^2 score": 0.028366191312670708, "training_duration": 10.624025, "inference_latency": 0.00021597499999999982}