{"RMSE_loss": 1.3569597005844116, "R^2 score": -0.01415417343378067, "training_duration": 10.340165, "inference_latency": 0.000233365}