{"RMSE_loss": 200.78306579589844, "R^2 score": -1.567592740058899, "training_duration": 10.240209, "inference_latency": 0.0001583649999999997}