{"RMSE_loss": 198.404296875, "R^2 score": -1.6086114645004272, "training_duration": 10.398929, "inference_latency": 0.0001857749999999995}