{"RMSE_loss": 6.223708152770996, "R^2 score": -5.947418689727783, "training_duration": 0.812384, "inference_latency": 0.00022907499999999997}