{"RMSE_loss": 195.22689819335938, "R^2 score": -1.6698285341262817, "training_duration": 10.420568, "inference_latency": 0.00031298833333333304}