{"RMSE_loss": 4.519360542297363, "R^2 score": -2.6584129333496094, "training_duration": 1.038339, "inference_latency": 0.00023920000000000001}