{"RMSE_loss": 4.752182960510254, "R^2 score": -3.4221136569976807, "training_duration": 1.084468, "inference_latency": 0.00020303333333333327}