{"RMSE_loss": 3.8522069454193115, "R^2 score": -4.436903953552246, "training_duration": 10.201504, "inference_latency": 0.00012071499999999994}