{"RMSE_loss": 203.98048400878906, "R^2 score": -1.5818840265274048, "training_duration": 1.040521, "inference_latency": 0.00017881666666666666}