{"RMSE_loss": 200.44593811035156, "R^2 score": -1.6222681999206543, "training_duration": 10.420646, "inference_latency": 0.00018347999999999978}