{"RMSE_loss": 204.49722290039062, "R^2 score": -1.5886257886886597, "training_duration": 1.152601, "inference_latency": 0.00021475}