{"RMSE_loss": 3.831507921218872, "R^2 score": -1.8868821859359741, "training_duration": 0.795117, "inference_latency": 0.00019695}