{"RMSE_loss": 2.687114953994751, "R^2 score": -0.35721978545188904, "training_duration": 1.095111, "inference_latency": 0.0002358666666666666}