{"RMSE_loss": 0.7045755386352539, "R^2 score": 0.5336247086524963, "training_duration": 10.480439, "inference_latency": 0.00020483666666666666}