{"RMSE_loss": 2.718552350997925, "R^2 score": -0.4250098466873169, "training_duration": 1.088537, "inference_latency": 0.0001893166666666666}