{"RMSE_loss": 107.81118774414062, "R^2 score": 0.26929622888565063, "training_duration": 10.553748, "inference_latency": 0.00020400666666666665}