{"RMSE_loss": 3.2098584175109863, "R^2 score": -1.1965231895446777, "training_duration": 7.674377, "inference_latency": 0.0002692599999999999}