{"RMSE_loss": 202.979248046875, "R^2 score": -1.6023904085159302, "training_duration": 10.837873, "inference_latency": 0.0002349849999999996}