{"RMSE_loss": 138.08517456054688, "R^2 score": -0.16796015202999115, "training_duration": 10.771097, "inference_latency": 0.00023751666666666649}