{"RMSE_loss": 195.60328674316406, "R^2 score": -1.6438616514205933, "training_duration": 10.642859, "inference_latency": 0.00022591666666666672}