{"RMSE_loss": 2.1228420734405518, "R^2 score": -35.18152618408203, "training_duration": 10.479036, "inference_latency": 0.00020105333333333335}