{"RMSE_loss": 11.797723770141602, "R^2 score": -8498.3154296875, "training_duration": 11.207721, "inference_latency": 0.00018954333333333345}