{"RMSE_loss": 2.4001312255859375, "R^2 score": -0.16874179244041443, "training_duration": 1.029432, "inference_latency": 0.0002239833333333335}