{"RMSE_loss": 4.216727256774902, "R^2 score": -2.483776092529297, "training_duration": 1.037049, "inference_latency": 0.00016476666666666664}