{"RMSE_loss": 4.23969841003418, "R^2 score": -2.541048288345337, "training_duration": 0.823294, "inference_latency": 0.000395475}