{"RMSE_loss": 1.1995716094970703, "R^2 score": -2.791691541671753, "training_duration": 10.890704, "inference_latency": 0.00020415333333333307}