{"RMSE_loss": 1.5174611806869507, "R^2 score": -0.3848384618759155, "training_duration": 10.514661, "inference_latency": 0.00021783666666666665}