{"RMSE_loss": 4.254315376281738, "R^2 score": -2.291278123855591, "training_duration": 1.066963, "inference_latency": 0.0002931333333333333}