{"RMSE_loss": 2.5794529914855957, "R^2 score": -0.3474784195423126, "training_duration": 0.745135, "inference_latency": 0.00020504999999999997}