{"RMSE_loss": 1.4708380699157715, "R^2 score": -0.18408940732479095, "training_duration": 11.547111, "inference_latency": 0.0003290366666666665}