{"RMSE_loss": 1.3740299940109253, "R^2 score": 0.6048440337181091, "training_duration": 11.475707, "inference_latency": 0.0004886066666666672}