{"RMSE_loss": 200.18797302246094, "R^2 score": -1.6697629690170288, "training_duration": 10.521374, "inference_latency": 0.00024127333333333353}