{"RMSE_loss": 4.357048988342285, "R^2 score": -2.884361743927002, "training_duration": 0.749985, "inference_latency": 0.0002449}