{"RMSE_loss": 2.585000514984131, "R^2 score": -0.13130363821983337, "training_duration": 0.825669, "inference_latency": 0.00027957499999999995}