{"RMSE_loss": 1.4124138355255127, "R^2 score": -0.10989534109830856, "training_duration": 10.193894, "inference_latency": 0.0002049916666666666}