{"RMSE_loss": 102.99191284179688, "R^2 score": 0.23496083915233612, "training_duration": 10.963434, "inference_latency": 0.00032171999999999984}