{"RMSE_loss": 202.91427612304688, "R^2 score": -1.5977959632873535, "training_duration": 10.430759, "inference_latency": 0.00020561666666666685}