{"RMSE_loss": 2.925619125366211, "R^2 score": -1135.400146484375, "training_duration": 10.628222, "inference_latency": 0.0002885449999999994}