{"RMSE_loss": 3.005513906478882, "R^2 score": -1.2146683931350708, "training_duration": 0.786122, "inference_latency": 0.00024555000000000003}