{"RMSE_loss": 3.3337149620056152, "R^2 score": -1.0838713645935059, "training_duration": 0.7505, "inference_latency": 0.000241975}