{"RMSE_loss": 203.27310180664062, "R^2 score": -1.5710334777832031, "training_duration": 10.685287, "inference_latency": 0.00028668000000000004}