{"RMSE_loss": 2.881423234939575, "R^2 score": -0.6506311297416687, "training_duration": 1.003023, "inference_latency": 0.00019768333333333336}