{"RMSE_loss": 1.11508047580719, "R^2 score": -1.532470464706421, "training_duration": 11.008082, "inference_latency": 0.00028603166666666665}