{"RMSE_loss": 2.83774733543396, "R^2 score": -0.3475833535194397, "training_duration": 0.776636, "inference_latency": 0.00026115000000000003}