{"RMSE_loss": 3.271139144897461, "R^2 score": -1.4585235118865967, "training_duration": 0.745471, "inference_latency": 0.0002634750000000001}