{"RMSE_loss": 4.530125617980957, "R^2 score": -2.7818994522094727, "training_duration": 1.143096, "inference_latency": 0.00021501666666666664}