{"RMSE_loss": 2.290501594543457, "R^2 score": -0.02969374693930149, "training_duration": 1.070712, "inference_latency": 0.00017726666666666665}