{"RMSE_loss": 7.933559417724609, "R^2 score": -10.082772254943848, "training_duration": 0.800396, "inference_latency": 0.00022725000000000002}