{"RMSE_loss": 174.98362731933594, "R^2 score": -1.1763460636138916, "training_duration": 10.293996, "inference_latency": 0.00023957166666666664}