{"RMSE_loss": 5.0948028564453125, "R^2 score": -3.523561954498291, "training_duration": 0.832424, "inference_latency": 0.00022400000000000002}