{"RMSE_loss": 4.586434364318848, "R^2 score": -2.9450900554656982, "training_duration": 1.048906, "inference_latency": 0.0002324833333333334}