{"RMSE_loss": 2.5673184394836426, "R^2 score": -0.15191549062728882, "training_duration": 1.120548, "inference_latency": 0.0002844000000000001}