{"RMSE_loss": 2.4534428119659424, "R^2 score": -0.022829022258520126, "training_duration": 0.773295, "inference_latency": 0.00021244999999999996}