{"RMSE_loss": 200.90187072753906, "R^2 score": -1.6129158735275269, "training_duration": 1.098682, "inference_latency": 0.00022518333333333335}