{"RMSE_loss": 3.938959836959839, "R^2 score": -1.9901924133300781, "training_duration": 1.010742, "inference_latency": 0.00019566666666666663}