{"RMSE_loss": 196.5727996826172, "R^2 score": -1.4554519653320312, "training_duration": 10.676656, "inference_latency": 0.0003558499999999999}