{"RMSE_loss": 1.6015191078186035, "R^2 score": 0.4345649778842926, "training_duration": 11.362284, "inference_latency": 0.0004886716666666665}