{"RMSE_loss": 0.8546054363250732, "R^2 score": 0.32812073826789856, "training_duration": 10.61051, "inference_latency": 0.00023813666666666673}