{"RMSE_loss": 1.3966736793518066, "R^2 score": -8.436626434326172, "training_duration": 10.864215, "inference_latency": 0.00018412166666666662}