{"RMSE_loss": 2.101578712463379, "R^2 score": 0.12116644531488419, "training_duration": 0.798228, "inference_latency": 0.000261675}