{"RMSE_loss": 4.833661079406738, "R^2 score": -3.0278594493865967, "training_duration": 0.796169, "inference_latency": 0.00022545}