{"RMSE_loss": 5.37340784072876, "R^2 score": -4.554625511169434, "training_duration": 1.388677, "inference_latency": 0.00018583333333333342}