{"RMSE_loss": 5.242713928222656, "R^2 score": -3.6219260692596436, "training_duration": 0.7606, "inference_latency": 0.00020360000000000004}