{"RMSE_loss": 190.05560302734375, "R^2 score": -1.3735907077789307, "training_duration": 10.574794, "inference_latency": 0.00022107833333333325}