{"RMSE_loss": 203.27389526367188, "R^2 score": -1.5251888036727905, "training_duration": 1.207404, "inference_latency": 0.00040185}