{"RMSE_loss": 1.726960301399231, "R^2 score": -0.731357753276825, "training_duration": 10.324848, "inference_latency": 0.00025193000000000004}