{"RMSE_loss": 1.4132601022720337, "R^2 score": -0.10768502205610275, "training_duration": 10.89824, "inference_latency": 0.0002867900000000001}