{"RMSE_loss": 200.70993041992188, "R^2 score": -1.6494005918502808, "training_duration": 1.206824, "inference_latency": 0.00029835000000000023}