{"RMSE_loss": 204.9617462158203, "R^2 score": -1.506500244140625, "training_duration": 1.081278, "inference_latency": 0.0002331166666666667}