{"RMSE_loss": 1.4440484046936035, "R^2 score": -0.14204737544059753, "training_duration": 10.919917, "inference_latency": 0.0002715366666666665}