{"RMSE_loss": 124.9148941040039, "R^2 score": -0.13184024393558502, "training_duration": 10.143702, "inference_latency": 0.0002254366666666665}