{"RMSE_loss": 3.236267566680908, "R^2 score": -0.8278661966323853, "training_duration": 0.775541, "inference_latency": 0.0002232}