{"RMSE_loss": 196.80262756347656, "R^2 score": -1.6328548192977905, "training_duration": 10.3948, "inference_latency": 0.0002668983333333333}