{"RMSE_loss": 3.4151010513305664, "R^2 score": -1.4557855129241943, "training_duration": 1.009394, "inference_latency": 0.0001813666666666667}