{"RMSE_loss": 2.665127992630005, "R^2 score": -0.6679435968399048, "training_duration": 1.062554, "inference_latency": 0.00018244999999999996}