{"RMSE_loss": 5.019196510314941, "R^2 score": -3.207886219024658, "training_duration": 0.805045, "inference_latency": 0.0002710999999999999}