{"RMSE_loss": 7.597083568572998, "R^2 score": -58.556095123291016, "training_duration": 10.497812, "inference_latency": 0.00025469499999999993}