{"RMSE_loss": 5.917033672332764, "R^2 score": -7.018520355224609, "training_duration": 0.746278, "inference_latency": 0.000219025}