{"RMSE_loss": 3.549856662750244, "R^2 score": -1.61873459815979, "training_duration": 0.800384, "inference_latency": 0.0004598999999999999}