{"RMSE_loss": 0.5095586776733398, "R^2 score": 0.6960184574127197, "training_duration": 10.866809, "inference_latency": 0.0002846866666666666}