{"RMSE_loss": 2.305293321609497, "R^2 score": -0.1445082724094391, "training_duration": 0.800222, "inference_latency": 0.00024055000000000005}