{"RMSE_loss": 2.104607105255127, "R^2 score": 0.16489489376544952, "training_duration": 10.330949, "inference_latency": 0.0002284066666666665}