{"RMSE_loss": 199.5293426513672, "R^2 score": -1.5947884321212769, "training_duration": 10.234053, "inference_latency": 0.00018617500000000012}