{"RMSE_loss": 5.102437973022461, "R^2 score": -3.920212745666504, "training_duration": 1.003063, "inference_latency": 0.00020158333333333332}