{"RMSE_loss": 0.8992317914962769, "R^2 score": 0.26674792170524597, "training_duration": 10.414532, "inference_latency": 0.0002806350000000002}