{"RMSE_loss": 201.92247009277344, "R^2 score": -1.6146801710128784, "training_duration": 1.031994, "inference_latency": 0.0001537166666666667}