{"RMSE_loss": 127.70484161376953, "R^2 score": -0.04815037548542023, "training_duration": 10.532115, "inference_latency": 0.0002535}