{"RMSE_loss": 163.17547607421875, "R^2 score": -0.8791557550430298, "training_duration": 10.691976, "inference_latency": 0.0002691533333333337}