{"RMSE_loss": 1.449046015739441, "R^2 score": 0.5407974720001221, "training_duration": 11.471332, "inference_latency": 0.0005016983333333339}