{"RMSE_loss": 3.755263090133667, "R^2 score": -1.4482325315475464, "training_duration": 1.016152, "inference_latency": 0.00019206666666666666}