{"RMSE_loss": 3.1661605834960938, "R^2 score": -0.8597105741500854, "training_duration": 1.002768, "inference_latency": 0.00022878333333333333}