{"RMSE_loss": 2.033721685409546, "R^2 score": 0.07619296759366989, "training_duration": 11.110452, "inference_latency": 0.0001687666666666666}