{"RMSE_loss": 3.566615104675293, "R^2 score": -1.2811391353607178, "training_duration": 1.003595, "inference_latency": 0.00022891666666666663}