{"RMSE_loss": 1.6292911767959595, "R^2 score": -0.4979739785194397, "training_duration": 10.398223, "inference_latency": 0.0001858583333333333}