{"RMSE_loss": 112.60557556152344, "R^2 score": 0.23023447394371033, "training_duration": 10.543742, "inference_latency": 0.00022962833333333335}