{"RMSE_loss": 4.471307277679443, "R^2 score": -2.5665361881256104, "training_duration": 1.087201, "inference_latency": 0.0002324333333333333}