{"RMSE_loss": 124.6572036743164, "R^2 score": -0.16153369843959808, "training_duration": 10.257079, "inference_latency": 0.00023245166666666664}