{"RMSE_loss": 12.049286842346191, "R^2 score": -24.76169204711914, "training_duration": 0.788736, "inference_latency": 0.00023107499999999994}