{"RMSE_loss": 5.042616844177246, "R^2 score": -5.031397819519043, "training_duration": 0.810461, "inference_latency": 0.00018512500000000001}