{"RMSE_loss": 3.1384317874908447, "R^2 score": -1.009300947189331, "training_duration": 0.805924, "inference_latency": 0.000221075}