{"RMSE_loss": 4.626821041107178, "R^2 score": -2.998413324356079, "training_duration": 1.026898, "inference_latency": 0.00024793333333333336}