{"RMSE_loss": 1.394731879234314, "R^2 score": -0.12931378185749054, "training_duration": 10.385365, "inference_latency": 0.00027523499999999987}