{"RMSE_loss": 3.1319546699523926, "R^2 score": -0.7375426292419434, "training_duration": 0.806663, "inference_latency": 0.00028090000000000005}