{"RMSE_loss": 4.334677219390869, "R^2 score": -2.45178484916687, "training_duration": 1.176768, "inference_latency": 0.0007363500000000001}