{"RMSE_loss": 4.603335380554199, "R^2 score": -2.9049479961395264, "training_duration": 1.115501, "inference_latency": 0.00022700000000000002}