{"RMSE_loss": 2.6384077072143555, "R^2 score": -0.2704020142555237, "training_duration": 1.046247, "inference_latency": 0.00016016666666666664}