{"RMSE_loss": 2.5254204273223877, "R^2 score": -0.14630232751369476, "training_duration": 0.98149, "inference_latency": 0.00013766666666666663}