{"RMSE_loss": 194.57061767578125, "R^2 score": -1.6776951551437378, "training_duration": 10.481952, "inference_latency": 0.00020309500000000011}