{"RMSE_loss": 4.414725303649902, "R^2 score": -2.8209807872772217, "training_duration": 0.780301, "inference_latency": 0.000203375}