{"RMSE_loss": 2.24692702293396, "R^2 score": 0.032992132008075714, "training_duration": 14.242759, "inference_latency": 0.0015266933333333344}