{"RMSE_loss": 1.0713822841644287, "R^2 score": -0.08191654086112976, "training_duration": 10.462573, "inference_latency": 0.00028061833333333294}