{"RMSE_loss": 1.3464536666870117, "R^2 score": 0.01601472869515419, "training_duration": 10.249365, "inference_latency": 0.00021915999999999987}