{"RMSE_loss": 0.9315919876098633, "R^2 score": 0.07787835597991943, "training_duration": 10.608295, "inference_latency": 0.00023565166666666664}