{"RMSE_loss": 3.3156440258026123, "R^2 score": -5.740520000457764, "training_duration": 11.690488, "inference_latency": 0.00024962166666666675}