{"RMSE_loss": 1.4645813703536987, "R^2 score": -0.25243666768074036, "training_duration": 10.610786, "inference_latency": 0.0002866616666666667}