{"RMSE_loss": 4.1423726081848145, "R^2 score": -1.985337495803833, "training_duration": 0.787619, "inference_latency": 0.000238375}