{"RMSE_loss": 7.457541465759277, "R^2 score": -8.67289924621582, "training_duration": 0.778709, "inference_latency": 0.00025640000000000005}