{"RMSE_loss": 1.3922667503356934, "R^2 score": 0.6086631417274475, "training_duration": 10.322783, "inference_latency": 0.00022817500000000014}