{"RMSE_loss": 103.59850311279297, "R^2 score": 0.26240646839141846, "training_duration": 10.292937, "inference_latency": 0.00021237}