{"RMSE_loss": 153.16696166992188, "R^2 score": -0.67777019739151, "training_duration": 10.838496, "inference_latency": 0.0002850383333333336}