{"RMSE_loss": 1.4054131507873535, "R^2 score": -0.826404869556427, "training_duration": 10.395328, "inference_latency": 0.000226038333333333}