{"RMSE_loss": 0.6875550150871277, "R^2 score": -4.053920269012451, "training_duration": 10.457168, "inference_latency": 0.0002760583333333335}