{"RMSE_loss": 3.719036102294922, "R^2 score": -80.93943786621094, "training_duration": 10.525179, "inference_latency": 0.0001991400000000002}