{"RMSE_loss": 1.2542515993118286, "R^2 score": 0.6284689903259277, "training_duration": 10.572309, "inference_latency": 0.00017011333333333308}