{"RMSE_loss": 122.59385681152344, "R^2 score": -0.08076613396406174, "training_duration": 11.0231, "inference_latency": 0.000229875}