{"RMSE_loss": 169.29881286621094, "R^2 score": -0.8304590582847595, "training_duration": 10.074035, "inference_latency": 0.00017807666666666617}