{"RMSE_loss": 2.3595776557922363, "R^2 score": -0.019577892497181892, "training_duration": 1.090661, "inference_latency": 0.0003}