{"RMSE_loss": 3.736557722091675, "R^2 score": -1.7212421894073486, "training_duration": 1.113949, "inference_latency": 0.00022284999999999997}