{"RMSE_loss": 4.462828159332275, "R^2 score": -2.4831154346466064, "training_duration": 1.03445, "inference_latency": 0.00023036666666666672}