{"RMSE_loss": 4.28043270111084, "R^2 score": -2.0442934036254883, "training_duration": 0.777578, "inference_latency": 0.00022212499999999996}