{"RMSE_loss": 2.415032386779785, "R^2 score": -0.10170018672943115, "training_duration": 1.018944, "inference_latency": 0.0002073166666666667}