{"RMSE_loss": 157.00119018554688, "R^2 score": -0.759032666683197, "training_duration": 11.156163, "inference_latency": 0.0002507366666666667}