{"RMSE_loss": 0.6824848651885986, "R^2 score": 0.5456101894378662, "training_duration": 10.831058, "inference_latency": 0.00020296999999999996}