{"RMSE_loss": 3.9746406078338623, "R^2 score": -1.7466617822647095, "training_duration": 0.822085, "inference_latency": 0.00027309999999999997}