{"RMSE_loss": 3.733269214630127, "R^2 score": -1.5667520761489868, "training_duration": 1.002535, "inference_latency": 0.00019081666666666662}