{"RMSE_loss": 2.3947811126708984, "R^2 score": -0.221320241689682, "training_duration": 7.661037, "inference_latency": 0.00026615499999999996}