{"RMSE_loss": 3.1700518131256104, "R^2 score": -2.1368918418884277, "training_duration": 11.212366, "inference_latency": 0.00018888000000000005}