{"RMSE_loss": 4.477283000946045, "R^2 score": -2.5236477851867676, "training_duration": 1.088668, "inference_latency": 0.00022020000000000007}