{"RMSE_loss": 3.8013317584991455, "R^2 score": -1.3957359790802002, "training_duration": 0.792283, "inference_latency": 0.0002394}