{"RMSE_loss": 4.43499231338501, "R^2 score": -2.8864364624023438, "training_duration": 1.054474, "inference_latency": 0.00020710000000000005}