{"RMSE_loss": 4.256433963775635, "R^2 score": -2.306735038757324, "training_duration": 1.066237, "inference_latency": 0.00024688333333333336}