{"RMSE_loss": 3.343519926071167, "R^2 score": -0.9608001708984375, "training_duration": 0.780317, "inference_latency": 0.000272375}