{"RMSE_loss": 4.0380048751831055, "R^2 score": -1.955419898033142, "training_duration": 1.019909, "inference_latency": 0.00021645000000000003}