{"RMSE_loss": 240.35411071777344, "R^2 score": -322.0422058105469, "training_duration": 11.195152, "inference_latency": 0.0003113550000000007}