{"RMSE_loss": 99.519775390625, "R^2 score": 0.25586187839508057, "training_duration": 10.838705, "inference_latency": 0.0005388366666666662}