{"RMSE_loss": 130.17063903808594, "R^2 score": -0.24449452757835388, "training_duration": 10.249521, "inference_latency": 0.00023871500000000018}