{"RMSE_loss": 1.6511850357055664, "R^2 score": -0.9267510771751404, "training_duration": 10.985839, "inference_latency": 0.00015094166666666678}