{"RMSE_loss": 1.3509142398834229, "R^2 score": 0.6232139468193054, "training_duration": 10.449248, "inference_latency": 0.0001644516666666667}