{"RMSE_loss": 195.86634826660156, "R^2 score": -1.5316416025161743, "training_duration": 10.329397, "inference_latency": 0.00014652499999999986}