{"RMSE_loss": 4.792654991149902, "R^2 score": -3.3063833713531494, "training_duration": 1.117136, "inference_latency": 0.00016763333333333333}