{"RMSE_loss": 2.5085184574127197, "R^2 score": -0.15967456996440887, "training_duration": 1.040345, "inference_latency": 0.00018499999999999994}