{"RMSE_loss": 204.54673767089844, "R^2 score": -1.5304372310638428, "training_duration": 1.182122, "inference_latency": 0.00030365000000000004}