{"RMSE_loss": 106.53535461425781, "R^2 score": 0.16326527297496796, "training_duration": 10.224232, "inference_latency": 0.00019845166666666674}