{"RMSE_loss": 202.9547119140625, "R^2 score": -1.5896975994110107, "training_duration": 10.074414, "inference_latency": 0.00017552333333333304}