{"RMSE_loss": 204.10621643066406, "R^2 score": -1.5642949342727661, "training_duration": 10.256381, "inference_latency": 0.00019188}