{"RMSE_loss": 3.4348466396331787, "R^2 score": -1.3296290636062622, "training_duration": 1.070858, "inference_latency": 0.00020251666666666667}