{"RMSE_loss": 1.3672854900360107, "R^2 score": -0.10575377196073532, "training_duration": 10.560922, "inference_latency": 0.00022415999999999997}