{"RMSE_loss": 3.2292377948760986, "R^2 score": -0.8246665000915527, "training_duration": 0.77812, "inference_latency": 0.00022604999999999994}