{"RMSE_loss": 4.889901638031006, "R^2 score": -3.0014355182647705, "training_duration": 0.786129, "inference_latency": 0.000234825}