{"RMSE_loss": 4.055550575256348, "R^2 score": -1.9190237522125244, "training_duration": 1.080265, "inference_latency": 0.0002469166666666666}