{"RMSE_loss": 202.08616638183594, "R^2 score": -1.617797613143921, "training_duration": 10.556172, "inference_latency": 0.00020843666666666636}