{"RMSE_loss": 0.5304687023162842, "R^2 score": 0.5635537505149841, "training_duration": 10.927409, "inference_latency": 0.000289275}