{"RMSE_loss": 3.486544132232666, "R^2 score": -1.0305976867675781, "training_duration": 0.77665, "inference_latency": 0.00021147500000000003}