{"RMSE_loss": 4.561789035797119, "R^2 score": -2.578994035720825, "training_duration": 1.023115, "inference_latency": 0.00023814999999999996}