{"RMSE_loss": 115.89460754394531, "R^2 score": 0.1775156855583191, "training_duration": 10.647277, "inference_latency": 0.00028490333333333325}