{"RMSE_loss": 1.3777433633804321, "R^2 score": -0.04276397451758385, "training_duration": 11.610562, "inference_latency": 0.00027389666666666684}