{"RMSE_loss": 1.148229718208313, "R^2 score": -0.9481234550476074, "training_duration": 10.637512, "inference_latency": 0.00022851000000000002}