{"RMSE_loss": 1.4131202697753906, "R^2 score": -0.15591421723365784, "training_duration": 10.533133, "inference_latency": 0.00023166500000000012}