{"RMSE_loss": 2.646921396255493, "R^2 score": -0.678135335445404, "training_duration": 0.765286, "inference_latency": 0.00023857500000000004}