{"RMSE_loss": 1.6360564231872559, "R^2 score": -0.4900437295436859, "training_duration": 10.822593, "inference_latency": 0.000301363333333333}