{"RMSE_loss": 1.9762202501296997, "R^2 score": -0.4859444797039032, "training_duration": 11.960663, "inference_latency": 0.0008131516666666669}