{"validation_score": -12828.816031785003, "R^2_score_train": 0.421703052016452, "RMSE_train": 68.45880772900476, "R^2_score_test": -0.6331531985126355, "RMSE_test": 106.5585506027216, "R^2_score_validation": -0.25525174953330465, "RMSE_validation": 101.61956786079192}