{"validation_score": -9133.420268427859, "R^2_score_train": 0.03966126101156653, "RMSE_train": 70.708443157435, "R^2_score_test": -1.702297732601795, "RMSE_test": 113.84195126525007, "R^2_score_validation": -1.1241102173287474, "RMSE_validation": 110.7692816597718}