{"validation_score": -0.20870949415317677, "R^2_score": 0.9154385422883793, "RMSE": 0.28794738871072145}