{"RMSE_loss": 4.795525550842285, "R^2 score": -3.2806808948516846, "training_duration": 1.023152, "inference_latency": 0.00022303333333333332}