{"RMSE_loss": 3.1562654972076416, "R^2 score": -1.1422690153121948, "training_duration": 0.767269, "inference_latency": 0.00025372499999999995}