{"RMSE_loss": 129.80194091796875, "R^2 score": -0.05121935158967972, "training_duration": 10.324559, "inference_latency": 0.0002803333333333334}