{"RMSE_loss": 199.6853790283203, "R^2 score": -1.740193247795105, "training_duration": 1.069731, "inference_latency": 0.00019685}