{"RMSE_loss": 1.401132583618164, "R^2 score": 0.6026727557182312, "training_duration": 10.956506, "inference_latency": 0.00017752}