{"RMSE_loss": 5.41414213180542, "R^2 score": -4.150405406951904, "training_duration": 0.83933, "inference_latency": 0.00023042500000000003}