{"validation_score": 0.7485656565656565, "F1_score": 0.9676875288874573, "accuracy": 0.96579476861167}