{"validation_score": 0.3393939393939394, "F1_score_train": 0.9091184803108079, "F1_score_test": 0.22320512407433565, "F1_score_validation": 0.2672078952644614, "accuracy_train": 0.9090909090909091, "accuracy_test": 0.22289156626506024, "accuracy_validation": 0.2620481927710843, "recall_score_train": 0.9076427494074553, "recall_score_test": 0.2200026930872702, "recall_score_validation": 0.25076212216389226, "precision_score_train": 0.9135090403992843, "precision_score_test": 0.22218664382466202, "precision_score_validation": 0.2486243199039245}