{"RMSE_loss": 1.5027281045913696, "R^2 score": 0.5032139420509338, "training_duration": 11.79683, "inference_latency": 0.0005830733333333333}