{"RMSE_loss": 0.8848338723182678, "R^2 score": 0.24675142765045166, "training_duration": 10.635199, "inference_latency": 0.00027393666666666644}