{"RMSE_loss": 1.624329686164856, "R^2 score": -0.46295833587646484, "training_duration": 10.442142, "inference_latency": 0.0002558150000000002}