{"RMSE_loss": 191.2526397705078, "R^2 score": -1.805119276046753, "training_duration": 11.993952, "inference_latency": 0.000729223333333334}