{"RMSE_loss": 2.2113373279571533, "R^2 score": 0.007499854080379009, "training_duration": 0.762482, "inference_latency": 0.00018084999999999998}