{"RMSE_loss": 2.9745795726776123, "R^2 score": -0.5206340551376343, "training_duration": 0.808401, "inference_latency": 0.0002889999999999999}