{"RMSE_loss": 2.837998390197754, "R^2 score": -0.517787516117096, "training_duration": 1.136313, "inference_latency": 0.00022625}