{"RMSE_loss": 2.8145742416381836, "R^2 score": -0.48307865858078003, "training_duration": 1.05257, "inference_latency": 0.00015959999999999995}