{"RMSE_loss": 4.381226062774658, "R^2 score": -2.837838649749756, "training_duration": 0.80398, "inference_latency": 0.00046577500000000003}