{"RMSE_loss": 3.2703323364257812, "R^2 score": -1.0478347539901733, "training_duration": 1.044096, "inference_latency": 0.00015696666666666664}