{"RMSE_loss": 5.337231159210205, "R^2 score": -4.177502155303955, "training_duration": 1.015344, "inference_latency": 0.00022766666666666668}