{"RMSE_loss": 4.571231365203857, "R^2 score": -3.107933282852173, "training_duration": 0.917761, "inference_latency": 0.0009658}