{"RMSE_loss": 4.972041130065918, "R^2 score": -3.094878911972046, "training_duration": 0.83063, "inference_latency": 0.00017405000000000008}