{"RMSE_loss": 2.3050971031188965, "R^2 score": -0.23104605078697205, "training_duration": 0.752544, "inference_latency": 0.00026095000000000003}