{"RMSE_loss": 7.189283847808838, "R^2 score": -8.629076957702637, "training_duration": 1.103643, "inference_latency": 0.00016033333333333337}