{"RMSE_loss": 2.277221202850342, "R^2 score": -0.06803260743618011, "training_duration": 0.851251, "inference_latency": 0.0004429750000000001}