{"RMSE_loss": 201.71047973632812, "R^2 score": -1.5966589450836182, "training_duration": 10.212239, "inference_latency": 0.00021662500000000016}