{"RMSE_loss": 202.6889190673828, "R^2 score": -1.5596591234207153, "training_duration": 1.160236, "inference_latency": 0.00024664999999999995}