{"RMSE_loss": 4.712018013000488, "R^2 score": -2.7787444591522217, "training_duration": 1.034384, "inference_latency": 0.0002832166666666667}