{"RMSE_loss": 141.42160034179688, "R^2 score": -0.24173934757709503, "training_duration": 10.225663, "inference_latency": 0.00023075833333333323}