{"RMSE_loss": 4.329922199249268, "R^2 score": -2.6733314990997314, "training_duration": 0.923753, "inference_latency": 0.0009447750000000003}