{"RMSE_loss": 6.438974857330322, "R^2 score": -6.24965238571167, "training_duration": 0.748318, "inference_latency": 0.00020860000000000003}