{"RMSE_loss": 128.24330139160156, "R^2 score": -0.16706068813800812, "training_duration": 10.210697, "inference_latency": 0.00021874833333333316}