{"RMSE_loss": 2.685002088546753, "R^2 score": -0.5380644202232361, "training_duration": 7.829805, "inference_latency": 0.00018020750000000005}