{"RMSE_loss": 2.0542235374450684, "R^2 score": 0.13610316812992096, "training_duration": 7.734537, "inference_latency": 0.00024354749999999978}