{"RMSE_loss": 0.7499093413352966, "R^2 score": -7.462661266326904, "training_duration": 10.988195, "inference_latency": 0.00024828999999999986}