{"RMSE_loss": 2.2888619899749756, "R^2 score": -0.07445459067821503, "training_duration": 0.816861, "inference_latency": 0.00023887500000000002}