{"RMSE_loss": 4.287509441375732, "R^2 score": -2.3687615394592285, "training_duration": 1.063731, "inference_latency": 0.00027531666666666665}