{"RMSE_loss": 4.485375881195068, "R^2 score": -2.344633102416992, "training_duration": 0.812866, "inference_latency": 0.0002589}