{"RMSE_loss": 2.1668014526367188, "R^2 score": 0.07894743233919144, "training_duration": 10.630289, "inference_latency": 0.0002662983333333334}