{"RMSE_loss": 198.32717895507812, "R^2 score": -1.6086816787719727, "training_duration": 10.43332, "inference_latency": 0.00025466666666666666}