{"RMSE_loss": 2.8904876708984375, "R^2 score": -17.880327224731445, "training_duration": 11.163428, "inference_latency": 0.00020636000000000005}