{"RMSE_loss": 0.8916630148887634, "R^2 score": 0.23060114681720734, "training_duration": 10.379369, "inference_latency": 0.00028418833333333294}