{"RMSE_loss": 1.3681286573410034, "R^2 score": -0.028156407177448273, "training_duration": 10.443271, "inference_latency": 0.00025331166666666663}