{"RMSE_loss": 3.732225179672241, "R^2 score": -1.5621882677078247, "training_duration": 1.069056, "inference_latency": 0.00023463333333333334}