{"RMSE_loss": 4.956834316253662, "R^2 score": -3.401383876800537, "training_duration": 1.087148, "inference_latency": 0.00024954999999999997}