{"RMSE_loss": 5.7156805992126465, "R^2 score": -4.851954460144043, "training_duration": 1.087703, "inference_latency": 0.00016476666666666667}