{"RMSE_loss": 3.015695333480835, "R^2 score": -0.859247624874115, "training_duration": 1.077127, "inference_latency": 0.00022693333333333334}