{"RMSE_loss": 6.531658172607422, "R^2 score": -6.4687299728393555, "training_duration": 0.771557, "inference_latency": 0.00018445}