{"RMSE_loss": 4.447623252868652, "R^2 score": -2.5228896141052246, "training_duration": 1.011326, "inference_latency": 0.00019454999999999999}