{"RMSE_loss": 1.4267216920852661, "R^2 score": 0.030400019139051437, "training_duration": 10.845311, "inference_latency": 0.0001680199999999999}