{"RMSE_loss": 3.5436837673187256, "R^2 score": -1.5560251474380493, "training_duration": 1.045079, "inference_latency": 0.00021205}