{"RMSE_loss": 0.7594578266143799, "R^2 score": 0.16134315729141235, "training_duration": 10.637801, "inference_latency": 0.00021372000000000003}