{"RMSE_loss": 3.138209819793701, "R^2 score": -1.2654842138290405, "training_duration": 0.772254, "inference_latency": 0.00019510000000000003}