{"RMSE_loss": 4.4039387702941895, "R^2 score": -2.5983805656433105, "training_duration": 1.068661, "inference_latency": 0.0002480166666666666}