{"RMSE_loss": 202.16195678710938, "R^2 score": -1.6211107969284058, "training_duration": 10.510727, "inference_latency": 0.00020957666666666656}