{"RMSE_loss": 185.10353088378906, "R^2 score": -1.2299071550369263, "training_duration": 10.252409, "inference_latency": 0.0002020583333333336}