{"RMSE_loss": 4.344576835632324, "R^2 score": -2.7253236770629883, "training_duration": 0.781508, "inference_latency": 0.000371125}