{"RMSE_loss": 6.286871910095215, "R^2 score": -6.3041605949401855, "training_duration": 1.010943, "inference_latency": 0.00013931666666666665}