{"RMSE_loss": 2.28922176361084, "R^2 score": 0.04062756523489952, "training_duration": 1.106046, "inference_latency": 0.00020588333333333334}