{"RMSE_loss": 5.030977249145508, "R^2 score": -3.8770124912261963, "training_duration": 1.087196, "inference_latency": 0.00018273333333333332}