{"RMSE_loss": 1.4640390872955322, "R^2 score": -0.8325052261352539, "training_duration": 10.493141, "inference_latency": 0.00024629666666666666}