{"RMSE_loss": 202.2813720703125, "R^2 score": -1.6148663759231567, "training_duration": 10.141353, "inference_latency": 0.00017561166666666647}