{"RMSE_loss": 2.0992424488067627, "R^2 score": 0.11545716971158981, "training_duration": 11.257857, "inference_latency": 0.0002576733333333333}