{"RMSE_loss": 205.6969451904297, "R^2 score": -1.5772240161895752, "training_duration": 1.075283, "inference_latency": 0.0001562833333333333}