{"RMSE_loss": 201.45582580566406, "R^2 score": -1.609544277191162, "training_duration": 10.177277, "inference_latency": 0.00017585666666666637}