{"RMSE_loss": 0.731478214263916, "R^2 score": 0.478288471698761, "training_duration": 10.763979, "inference_latency": 0.00026061}