{"RMSE_loss": 4.560938358306885, "R^2 score": -3.0969488620758057, "training_duration": 0.834029, "inference_latency": 0.0007603749999999999}