{"RMSE_loss": 2.5153470039367676, "R^2 score": -0.11055489629507065, "training_duration": 0.804724, "inference_latency": 0.00022072500000000004}