{"RMSE_loss": 2.093250274658203, "R^2 score": 0.14821481704711914, "training_duration": 11.034717, "inference_latency": 0.00028314833333333326}