{"RMSE_loss": 3.1086068153381348, "R^2 score": -0.8382009863853455, "training_duration": 1.049452, "inference_latency": 0.00020581666666666664}