{"RMSE_loss": 5.110037326812744, "R^2 score": -3.46230411529541, "training_duration": 1.014672, "inference_latency": 0.00015160000000000003}