{"RMSE_loss": 135.3477325439453, "R^2 score": -0.16883625090122223, "training_duration": 10.320386, "inference_latency": 0.00016149666666666652}