{"RMSE_loss": 3.0669264793395996, "R^2 score": -0.6681958436965942, "training_duration": 0.786488, "inference_latency": 0.0002016}