{"RMSE_loss": 4.25816535949707, "R^2 score": -2.381317377090454, "training_duration": 10.965238, "inference_latency": 0.000523471666666667}