{"RMSE_loss": 1.2905312776565552, "R^2 score": 0.654524564743042, "training_duration": 11.710771, "inference_latency": 0.00028302833333333327}