{"RMSE_loss": 204.95716857910156, "R^2 score": -1.5271064043045044, "training_duration": 1.154402, "inference_latency": 0.0003071666666666667}