{"RMSE_loss": 6.051944732666016, "R^2 score": -5.585392951965332, "training_duration": 0.799175, "inference_latency": 0.00015565000000000002}