{"RMSE_loss": 1.694149136543274, "R^2 score": 0.4257432818412781, "training_duration": 10.668787, "inference_latency": 0.00027678500000000015}