{"RMSE_loss": 12.722921371459961, "R^2 score": -28.19820213317871, "training_duration": 0.805068, "inference_latency": 0.00025885}