{"RMSE_loss": 4.522555351257324, "R^2 score": -3.007477045059204, "training_duration": 0.807578, "inference_latency": 0.0005808499999999998}