{"RMSE_loss": 194.8984832763672, "R^2 score": -1.6103476285934448, "training_duration": 10.412093, "inference_latency": 0.0002451099999999999}