{"RMSE_loss": 1.3791000843048096, "R^2 score": 0.44080308079719543, "training_duration": 10.667586, "inference_latency": 0.00018908666666666673}