{"RMSE_loss": 8.349713325500488, "R^2 score": -10.869991302490234, "training_duration": 0.810666, "inference_latency": 0.00020155000000000005}