{"RMSE_loss": 2.815901041030884, "R^2 score": -0.42564913630485535, "training_duration": 1.010822, "inference_latency": 0.00021958333333333335}