{"RMSE_loss": 2.3640244007110596, "R^2 score": -0.18719615042209625, "training_duration": 11.121333, "inference_latency": 0.00018557333333333323}