{"RMSE_loss": 10.026479721069336, "R^2 score": -17.63421630859375, "training_duration": 1.083769, "inference_latency": 0.00021496666666666664}