{"RMSE_loss": 3.1825594902038574, "R^2 score": -0.7546535730361938, "training_duration": 1.003262, "inference_latency": 0.0002097}