{"RMSE_loss": 109.8396987915039, "R^2 score": 0.21906819939613342, "training_duration": 10.812028, "inference_latency": 0.00027060500000000004}