{"RMSE_loss": 201.26976013183594, "R^2 score": -1.5037989616394043, "training_duration": 10.263563, "inference_latency": 0.00015186499999999994}