{"RMSE_loss": 6.65692663192749, "R^2 score": -6.704273223876953, "training_duration": 0.78551, "inference_latency": 0.00020475}