{"RMSE_loss": 202.51058959960938, "R^2 score": -1.6152604818344116, "training_duration": 10.543864, "inference_latency": 0.0002389183333333334}