{"RMSE_loss": 200.89697265625, "R^2 score": -1.5611944198608398, "training_duration": 11.657891, "inference_latency": 0.0003547016666666671}