{"RMSE_loss": 4.511829853057861, "R^2 score": -2.935147762298584, "training_duration": 1.047949, "inference_latency": 0.00024638333333333324}