{"RMSE_loss": 1.497832179069519, "R^2 score": -1.8237648010253906, "training_duration": 10.37789, "inference_latency": 0.00019451833333333334}