{"RMSE_loss": 1.954870581626892, "R^2 score": -0.4123277962207794, "training_duration": 10.588701, "inference_latency": 0.000135385}