{"RMSE_loss": 4.304472923278809, "R^2 score": -2.2120184898376465, "training_duration": 0.778621, "inference_latency": 0.000301275}