{"RMSE_loss": 3.8708488941192627, "R^2 score": -1.7124192714691162, "training_duration": 1.036724, "inference_latency": 0.00022281666666666664}