{"RMSE_loss": 1.0190140008926392, "R^2 score": -0.22337840497493744, "training_duration": 10.607968, "inference_latency": 0.00022822166666666693}