{"RMSE_loss": 124.11583709716797, "R^2 score": -0.03415904939174652, "training_duration": 10.438119, "inference_latency": 0.00019049000000000024}