{"RMSE_loss": 4.338856220245361, "R^2 score": -2.5277345180511475, "training_duration": 1.126984, "inference_latency": 0.00026496666666666675}