{"RMSE_loss": 3.3910765647888184, "R^2 score": -0.9445377588272095, "training_duration": 0.780168, "inference_latency": 0.0001873}