{"RMSE_loss": 1.4213858842849731, "R^2 score": -1.6385042667388916, "training_duration": 10.806353, "inference_latency": 0.0002882233333333337}