{"RMSE_loss": 202.49618530273438, "R^2 score": -1.5652809143066406, "training_duration": 10.197611, "inference_latency": 0.00020985500000000003}