{"RMSE_loss": 1.441900372505188, "R^2 score": -0.15207912027835846, "training_duration": 10.564596, "inference_latency": 0.0002589583333333335}