{"RMSE_loss": 7.406309127807617, "R^2 score": -9.238543510437012, "training_duration": 1.056143, "inference_latency": 0.00020826666666666664}