{"RMSE_loss": 2.633754253387451, "R^2 score": -4.426168918609619, "training_duration": 11.228635, "inference_latency": 0.0002017683333333334}