{"RMSE_loss": 9.10040283203125, "R^2 score": -33683.63671875, "training_duration": 10.753145, "inference_latency": 0.00021582000000000017}