{"RMSE_loss": 101.54557800292969, "R^2 score": 0.2284957319498062, "training_duration": 10.700487, "inference_latency": 0.00033570666666666687}