{"RMSE_loss": 137.73533630371094, "R^2 score": -0.24033629894256592, "training_duration": 10.882515, "inference_latency": 0.0003030783333333335}