{"RMSE_loss": 104.35261535644531, "R^2 score": 0.23001162707805634, "training_duration": 10.293025, "inference_latency": 0.0002449033333333334}