{"RMSE_loss": 202.90673828125, "R^2 score": -1.5774750709533691, "training_duration": 10.252596, "inference_latency": 0.0002120450000000002}