{"RMSE_loss": 5.5013041496276855, "R^2 score": -4.645414352416992, "training_duration": 1.051805, "inference_latency": 0.00024701666666666677}