{"RMSE_loss": 4.5406341552734375, "R^2 score": -3.3934597969055176, "training_duration": 7.969783, "inference_latency": 0.00024290749999999995}