{"RMSE_loss": 1.3680888414382935, "R^2 score": -0.005902391858398914, "training_duration": 10.558477, "inference_latency": 0.0002153449999999998}