{"RMSE_loss": 4.181938171386719, "R^2 score": -1.956223726272583, "training_duration": 0.792454, "inference_latency": 0.00019905000000000001}