{"RMSE_loss": 4.9723801612854, "R^2 score": -3.2212908267974854, "training_duration": 1.013908, "inference_latency": 0.0002165833333333333}