{"RMSE_loss": 7.9423089027404785, "R^2 score": -12.088581085205078, "training_duration": 0.742767, "inference_latency": 0.00021882500000000002}