{"RMSE_loss": 5.274704456329346, "R^2 score": -4.631933212280273, "training_duration": 7.755337, "inference_latency": 0.00027633499999999995}