{"RMSE_loss": 1.368162989616394, "R^2 score": 0.507132887840271, "training_duration": 10.456558, "inference_latency": 0.00018737500000000012}