{"RMSE_loss": 4.787673473358154, "R^2 score": -3.05041241645813, "training_duration": 0.7903, "inference_latency": 0.0002251}