{"RMSE_loss": 4.247960567474365, "R^2 score": -2.22304630279541, "training_duration": 1.114303, "inference_latency": 0.00025643333333333335}