{"RMSE_loss": 196.00782775878906, "R^2 score": -1.648014783859253, "training_duration": 10.557908, "inference_latency": 0.00027397166666666645}