{"RMSE_loss": 1.6398569345474243, "R^2 score": -10.745636940002441, "training_duration": 11.563839, "inference_latency": 0.00031399166666666665}