{"RMSE_loss": 4.550349235534668, "R^2 score": -2.5891458988189697, "training_duration": 0.796666, "inference_latency": 0.000281025}