{"RMSE_loss": 1.5064311027526855, "R^2 score": -0.8797584772109985, "training_duration": 10.593442, "inference_latency": 0.00017277999999999996}