{"RMSE_loss": 2.663485527038574, "R^2 score": -0.6400823593139648, "training_duration": 1.036789, "inference_latency": 0.00022518333333333338}