{"RMSE_loss": 2.177046298980713, "R^2 score": 0.08148683607578278, "training_duration": 0.845159, "inference_latency": 0.00017662499999999997}