{"RMSE_loss": 4.321722984313965, "R^2 score": -2.287020444869995, "training_duration": 1.028819, "inference_latency": 0.00019188333333333338}