{"RMSE_loss": 2.5719377994537354, "R^2 score": -0.4597524404525757, "training_duration": 1.045932, "inference_latency": 0.00021463333333333334}