{"RMSE_loss": 202.8217010498047, "R^2 score": -1.6800237894058228, "training_duration": 1.109991, "inference_latency": 0.00023383333333333334}