{"RMSE_loss": 5.362699031829834, "R^2 score": -4.050605297088623, "training_duration": 0.816636, "inference_latency": 0.00027745}