{"RMSE_loss": 195.77468872070312, "R^2 score": -1.6461186408996582, "training_duration": 11.139051, "inference_latency": 0.0004817866666666666}