{"RMSE_loss": 1.6609913110733032, "R^2 score": -9.327370643615723, "training_duration": 10.807135, "inference_latency": 0.00025221}