{"RMSE_loss": 2.7437541484832764, "R^2 score": -0.38229164481163025, "training_duration": 0.766747, "inference_latency": 0.00022352499999999997}