{"RMSE_loss": 2.5481629371643066, "R^2 score": -0.31730395555496216, "training_duration": 1.096839, "inference_latency": 0.00015593333333333332}