{"RMSE_loss": 2.1616220474243164, "R^2 score": 0.07992754876613617, "training_duration": 0.782069, "inference_latency": 0.00027605}