{"RMSE_loss": 0.5359935760498047, "R^2 score": 0.6217722296714783, "training_duration": 10.519684, "inference_latency": 0.00019389833333333323}