{"RMSE_loss": 109.05885314941406, "R^2 score": 0.1746775358915329, "training_duration": 9.964686, "inference_latency": 0.0002228683333333335}