{"RMSE_loss": 16.93467903137207, "R^2 score": -129961.921875, "training_duration": 10.484687, "inference_latency": 0.00023130666666666656}