{"RMSE_loss": 1.295095682144165, "R^2 score": 0.553564190864563, "training_duration": 10.99336, "inference_latency": 0.00019958833333333338}