{"RMSE_loss": 192.8372039794922, "R^2 score": -1.2877646684646606, "training_duration": 10.771461, "inference_latency": 0.0002876650000000002}