{"RMSE_loss": 2.190079689025879, "R^2 score": 0.023669632151722908, "training_duration": 1.065478, "inference_latency": 0.00022545}