{"RMSE_loss": 4.465092658996582, "R^2 score": -2.566610097885132, "training_duration": 0.775437, "inference_latency": 0.000274175}