{"RMSE_loss": 4.807868480682373, "R^2 score": -3.613647222518921, "training_duration": 1.044001, "inference_latency": 0.00023140000000000007}