{"RMSE_loss": 5.303512096405029, "R^2 score": -4.895570755004883, "training_duration": 1.021861, "inference_latency": 0.0002224833333333333}