{"RMSE_loss": 4.304325580596924, "R^2 score": -2.2651093006134033, "training_duration": 0.84375, "inference_latency": 0.00028727500000000003}