{"RMSE_loss": 132.92555236816406, "R^2 score": -0.27692702412605286, "training_duration": 10.109409, "inference_latency": 0.00022652333333333344}