{"RMSE_loss": 2.913701295852661, "R^2 score": -0.6231498718261719, "training_duration": 1.03745, "inference_latency": 0.0002466}