{"RMSE_loss": 196.11434936523438, "R^2 score": -1.6575663089752197, "training_duration": 10.286445, "inference_latency": 0.00026954833333333315}