{"RMSE_loss": 8.73444652557373, "R^2 score": -27564.69921875, "training_duration": 10.678765, "inference_latency": 0.00019716666666666705}