{"RMSE_loss": 195.43106079101562, "R^2 score": -1.612643837928772, "training_duration": 10.429449, "inference_latency": 0.00025395000000000013}