{"RMSE_loss": 1.21475350856781, "R^2 score": 0.6864191889762878, "training_duration": 10.662504, "inference_latency": 0.0002794416666666668}