{"RMSE_loss": 4.403307914733887, "R^2 score": -2.852696657180786, "training_duration": 1.117614, "inference_latency": 0.0003644}