{"RMSE_loss": 114.9275894165039, "R^2 score": 0.1841103434562683, "training_duration": 10.597343, "inference_latency": 0.00020476999999999987}