{"RMSE_loss": 1.506107211112976, "R^2 score": -0.2895522117614746, "training_duration": 10.27286, "inference_latency": 0.00024058833333333326}