{"RMSE_loss": 1.8468904495239258, "R^2 score": 0.3503963053226471, "training_duration": 11.177794, "inference_latency": 0.0004002416666666668}