{"RMSE_loss": 2.560793876647949, "R^2 score": -0.40858879685401917, "training_duration": 7.726153, "inference_latency": 0.00029064750000000006}