{"RMSE_loss": 2.726985454559326, "R^2 score": -0.27897241711616516, "training_duration": 0.797572, "inference_latency": 0.00019022500000000003}