{"RMSE_loss": 4.45805025100708, "R^2 score": -2.5630083084106445, "training_duration": 1.000267, "inference_latency": 0.00019848333333333335}