{"RMSE_loss": 175.62698364257812, "R^2 score": -0.9542952179908752, "training_duration": 10.397256, "inference_latency": 0.00019407833333333292}