{"RMSE_loss": 7.07076358795166, "R^2 score": -7.603501796722412, "training_duration": 1.022394, "inference_latency": 0.00024368333333333323}