{"RMSE_loss": 2.0517752170562744, "R^2 score": -1.417693018913269, "training_duration": 10.799209, "inference_latency": 0.00025567666666666624}