{"RMSE_loss": 5.655670642852783, "R^2 score": -4.596654891967773, "training_duration": 0.78234, "inference_latency": 0.00024342499999999989}