{"RMSE_loss": 1.976192593574524, "R^2 score": 0.2365284413099289, "training_duration": 11.969116, "inference_latency": 0.0008273533333333332}