{"RMSE_loss": 143.6539306640625, "R^2 score": -0.6051469445228577, "training_duration": 10.195132, "inference_latency": 0.00024009833333333327}