{"RMSE_loss": 185.55242919921875, "R^2 score": -1.5607788562774658, "training_duration": 10.417046, "inference_latency": 0.0002492583333333333}