{"RMSE_loss": 197.212890625, "R^2 score": -1.5753262042999268, "training_duration": 1.126643, "inference_latency": 0.0002895666666666667}