{"RMSE_loss": 7.364677429199219, "R^2 score": -8.949822425842285, "training_duration": 1.103213, "inference_latency": 0.0001344666666666667}