{"RMSE_loss": 2.079266309738159, "R^2 score": 0.11515423655509949, "training_duration": 7.698523, "inference_latency": 0.00021368000000000005}