{"RMSE_loss": 2.7369883060455322, "R^2 score": -0.35042211413383484, "training_duration": 1.05967, "inference_latency": 0.00018005000000000004}