{"RMSE_loss": 1.4072425365447998, "R^2 score": -0.11185324192047119, "training_duration": 10.644649, "inference_latency": 0.00026866333333333363}