{"RMSE_loss": 1.3979300260543823, "R^2 score": 0.5685867667198181, "training_duration": 11.058909, "inference_latency": 0.00038030666666666655}