{"RMSE_loss": 4.542410850524902, "R^2 score": -3.0588536262512207, "training_duration": 0.835623, "inference_latency": 0.000663525}