{"RMSE_loss": 177.7437286376953, "R^2 score": -1.364564061164856, "training_duration": 10.4437, "inference_latency": 0.0002518600000000002}