{"RMSE_loss": 1.4990509748458862, "R^2 score": -1.4859750270843506, "training_duration": 10.379364, "inference_latency": 0.00020516000000000024}