{"RMSE_loss": 3.4360263347625732, "R^2 score": -1.2076517343521118, "training_duration": 1.0196, "inference_latency": 0.0002489166666666666}