{"RMSE_loss": 2.894998073577881, "R^2 score": -0.6008269786834717, "training_duration": 1.038078, "inference_latency": 0.0001814166666666667}