{"RMSE_loss": 4.4450860023498535, "R^2 score": -2.85135817527771, "training_duration": 0.852103, "inference_latency": 0.00048669999999999996}