{"RMSE_loss": 4.374910354614258, "R^2 score": -583.8638916015625, "training_duration": 10.938448, "inference_latency": 0.00016490499999999972}