{"RMSE_loss": 1.3792608976364136, "R^2 score": -1.6051157712936401, "training_duration": 11.614, "inference_latency": 0.00029484166666666654}