{"RMSE_loss": 4.761787414550781, "R^2 score": -3.0983424186706543, "training_duration": 1.093223, "inference_latency": 0.00024593333333333337}