{"RMSE_loss": 121.69422912597656, "R^2 score": 0.0013736113905906677, "training_duration": 10.554375, "inference_latency": 0.00025226333333333367}