{"RMSE_loss": 3.6788971424102783, "R^2 score": -1.787856101989746, "training_duration": 0.758542, "inference_latency": 0.000206925}