{"RMSE_loss": 2.192369222640991, "R^2 score": 0.03563809394836426, "training_duration": 0.81374, "inference_latency": 0.000276425}