{"RMSE_loss": 4.586531639099121, "R^2 score": -2.6858983039855957, "training_duration": 0.76744, "inference_latency": 0.00020580000000000004}