{"RMSE_loss": 3.7197844982147217, "R^2 score": -1.5467965602874756, "training_duration": 1.037338, "inference_latency": 0.00025621666666666667}