{"RMSE_loss": 2.5326313972473145, "R^2 score": -0.3203204870223999, "training_duration": 1.098271, "inference_latency": 0.0002611166666666666}