{"RMSE_loss": 4.429265022277832, "R^2 score": -2.523440361022949, "training_duration": 1.059977, "inference_latency": 0.0002426666666666667}