{"RMSE_loss": 3.147261142730713, "R^2 score": -1.063129186630249, "training_duration": 0.766794, "inference_latency": 0.00030964999999999996}