{"RMSE_loss": 5.072192668914795, "R^2 score": -3.3468708992004395, "training_duration": 0.778201, "inference_latency": 0.00020795}