{"RMSE_loss": 1.6012928485870361, "R^2 score": -0.42814555764198303, "training_duration": 10.461986, "inference_latency": 0.0002630083333333333}