{"RMSE_loss": 113.71123504638672, "R^2 score": 0.08190572261810303, "training_duration": 10.372314, "inference_latency": 0.00019728166666666677}