{"RMSE_loss": 4.432857513427734, "R^2 score": -2.241217851638794, "training_duration": 0.805562, "inference_latency": 0.00022025000000000001}