{"RMSE_loss": 3.2587833404541016, "R^2 score": -1.1600273847579956, "training_duration": 7.795062, "inference_latency": 0.00022525249999999993}