{"RMSE_loss": 5.7764763832092285, "R^2 score": -5.704890727996826, "training_duration": 1.027726, "inference_latency": 0.00023211666666666665}