{"RMSE_loss": 4.372442245483398, "R^2 score": -2.7105026245117188, "training_duration": 0.881913, "inference_latency": 0.000573425}