{"RMSE_loss": 195.1463623046875, "R^2 score": -1.6249401569366455, "training_duration": 10.131529, "inference_latency": 0.00023138833333333325}