{"RMSE_loss": 2.185094118118286, "R^2 score": 0.027174297720193863, "training_duration": 11.570465, "inference_latency": 0.0006159699999999998}