{"RMSE_loss": 1.1820086240768433, "R^2 score": 0.706587553024292, "training_duration": 10.540647, "inference_latency": 0.00028665833333333345}