{"RMSE_loss": 4.282193183898926, "R^2 score": -2.691861391067505, "training_duration": 1.0593, "inference_latency": 0.00020721666666666667}