{"RMSE_loss": 5.962043762207031, "R^2 score": -6.585745811462402, "training_duration": 1.063787, "inference_latency": 0.00016925000000000005}