{"RMSE_loss": 1.512736201286316, "R^2 score": -2.8737409114837646, "training_duration": 10.341839, "inference_latency": 0.00020730666666666681}