{"RMSE_loss": 3.807436466217041, "R^2 score": -1.969747543334961, "training_duration": 0.804583, "inference_latency": 0.00037225}