{"RMSE_loss": 1.3098657131195068, "R^2 score": 0.5889937281608582, "training_duration": 10.728188, "inference_latency": 0.00020546499999999992}