{"RMSE_loss": 1.871789813041687, "R^2 score": 0.32178449630737305, "training_duration": 10.776199, "inference_latency": 0.0003524049999999996}