{"RMSE_loss": 4.533938407897949, "R^2 score": -3.020340919494629, "training_duration": 0.901822, "inference_latency": 0.0013865999999999996}