{"RMSE_loss": 4.553811550140381, "R^2 score": -3.1286721229553223, "training_duration": 0.793453, "inference_latency": 0.000367625}