{"RMSE_loss": 0.6405364274978638, "R^2 score": -1.1548428535461426, "training_duration": 11.029726, "inference_latency": 0.00022588833333333304}