{"RMSE_loss": 201.10293579101562, "R^2 score": -1.531305193901062, "training_duration": 10.2317, "inference_latency": 0.00017905333333333306}