{"RMSE_loss": 1.4304680824279785, "R^2 score": -0.19338186085224152, "training_duration": 11.028524, "inference_latency": 0.00029378833333333317}