{"RMSE_loss": 4.93235445022583, "R^2 score": -3.8101511001586914, "training_duration": 1.053573, "inference_latency": 0.00020789999999999996}