{"RMSE_loss": 3.5820114612579346, "R^2 score": -1.4573360681533813, "training_duration": 1.00188, "inference_latency": 0.00021608333333333335}