{"RMSE_loss": 110.5710678100586, "R^2 score": 0.12463740259408951, "training_duration": 10.351531, "inference_latency": 0.00019341833333333343}