{"RMSE_loss": 4.699775218963623, "R^2 score": -2.8830487728118896, "training_duration": 1.036058, "inference_latency": 0.00030693333333333333}