{"RMSE_loss": 0.7686367034912109, "R^2 score": 0.24115689098834991, "training_duration": 10.251664, "inference_latency": 0.0002259383333333335}