{"RMSE_loss": 201.8984375, "R^2 score": -1.6094752550125122, "training_duration": 1.190829, "inference_latency": 0.00036915000000000006}