{"RMSE_loss": 1.117243766784668, "R^2 score": -0.19033947587013245, "training_duration": 11.537693, "inference_latency": 0.0003380266666666667}