{"RMSE_loss": 2.5200676918029785, "R^2 score": -0.11221907287836075, "training_duration": 0.799746, "inference_latency": 0.00018577499999999998}