{"RMSE_loss": 1.34182608127594, "R^2 score": 0.027341635897755623, "training_duration": 10.512507, "inference_latency": 0.0002719899999999998}