{"RMSE_loss": 3.817359685897827, "R^2 score": -1.7605314254760742, "training_duration": 11.52002, "inference_latency": 0.0008710483333333337}