{"RMSE_loss": 132.59072875976562, "R^2 score": -1.2840440273284912, "training_duration": 10.026941, "inference_latency": 0.00023625499999999986}