{"RMSE_loss": 4.480078220367432, "R^2 score": -2.593496799468994, "training_duration": 0.834383, "inference_latency": 0.0008900499999999997}