{"RMSE_loss": 5.314543724060059, "R^2 score": -3.7771248817443848, "training_duration": 0.757862, "inference_latency": 0.00026347499999999994}