{"RMSE_loss": 4.4623870849609375, "R^2 score": -2.9091131687164307, "training_duration": 0.886846, "inference_latency": 0.0009369750000000002}