{"RMSE_loss": 139.73753356933594, "R^2 score": -0.24356640875339508, "training_duration": 10.929517, "inference_latency": 0.0002460650000000002}