{"RMSE_loss": 2.785470724105835, "R^2 score": -0.5154070854187012, "training_duration": 0.83213, "inference_latency": 0.00023579999999999999}