{"RMSE_loss": 7.59988260269165, "R^2 score": -10.072449684143066, "training_duration": 1.039827, "inference_latency": 0.00013880000000000004}