{"RMSE_loss": 4.025426387786865, "R^2 score": -1.8870577812194824, "training_duration": 1.021516, "inference_latency": 0.00019711666666666667}