{"RMSE_loss": 1.3708020448684692, "R^2 score": -0.032792795449495316, "training_duration": 11.291489, "inference_latency": 0.0003151883333333333}