{"RMSE_loss": 9.201557159423828, "R^2 score": -14.910478591918945, "training_duration": 1.067847, "inference_latency": 0.0002250833333333333}