{"RMSE_loss": 3.728397846221924, "R^2 score": -1.5502828359603882, "training_duration": 1.110644, "inference_latency": 0.0001812666666666667}