{"RMSE_loss": 1.3373538255691528, "R^2 score": 0.5666714906692505, "training_duration": 10.387608, "inference_latency": 0.00025054333333333374}