{"RMSE_loss": 1.5001866817474365, "R^2 score": -1.5561381578445435, "training_duration": 10.542711, "inference_latency": 0.00019411999999999996}