{"RMSE_loss": 4.587527751922607, "R^2 score": -3.0844435691833496, "training_duration": 0.795487, "inference_latency": 0.00036327500000000003}