{"RMSE_loss": 8.792548179626465, "R^2 score": -13.351946830749512, "training_duration": 1.026771, "inference_latency": 0.00020955}