{"RMSE_loss": 3.417299270629883, "R^2 score": -1.4160200357437134, "training_duration": 0.78077, "inference_latency": 0.000207625}