{"RMSE_loss": 2.7916646003723145, "R^2 score": -0.3885870575904846, "training_duration": 0.762144, "inference_latency": 0.00018987500000000002}