{"RMSE_loss": 4.448753356933594, "R^2 score": -2.420717477798462, "training_duration": 0.769057, "inference_latency": 0.0002414500000000001}