{"RMSE_loss": 3.556461811065674, "R^2 score": -1.2754645347595215, "training_duration": 1.007121, "inference_latency": 0.00016885}