{"RMSE_loss": 195.527587890625, "R^2 score": -1.6315685510635376, "training_duration": 10.436883, "inference_latency": 0.0002662916666666666}