{"RMSE_loss": 4.718854904174805, "R^2 score": -3.1686689853668213, "training_duration": 1.081716, "inference_latency": 0.00023841666666666675}