{"RMSE_loss": 4.431317329406738, "R^2 score": -2.877096652984619, "training_duration": 1.047608, "inference_latency": 0.0014195750000000002}