{"RMSE_loss": 6.02504825592041, "R^2 score": -5.937902927398682, "training_duration": 1.02727, "inference_latency": 0.00017798333333333334}