{"RMSE_loss": 195.84068298339844, "R^2 score": -1.6890331506729126, "training_duration": 10.773844, "inference_latency": 0.0002753349999999998}