{"RMSE_loss": 182.23992919921875, "R^2 score": -1.095720648765564, "training_duration": 10.214485, "inference_latency": 0.0001707266666666668}