{"RMSE_loss": 196.23043823242188, "R^2 score": -1.6553006172180176, "training_duration": 10.505231, "inference_latency": 0.00025159166666666687}