{"RMSE_loss": 2.789210557937622, "R^2 score": -0.3648633062839508, "training_duration": 0.830045, "inference_latency": 0.00028407500000000006}