{"RMSE_loss": 4.475161075592041, "R^2 score": -2.7012674808502197, "training_duration": 1.039987, "inference_latency": 0.00021586666666666677}