{"RMSE_loss": 4.83309268951416, "R^2 score": -3.504878282546997, "training_duration": 1.018795, "inference_latency": 0.00023013333333333333}