{"RMSE_loss": 115.26920318603516, "R^2 score": 0.11185171455144882, "training_duration": 10.415395, "inference_latency": 0.00017380833333333323}