{"RMSE_loss": 1.503258466720581, "R^2 score": -0.2319909930229187, "training_duration": 10.967421, "inference_latency": 0.00025068666666666666}