{"RMSE_loss": 3.766781806945801, "R^2 score": -1.839022159576416, "training_duration": 1.036875, "inference_latency": 0.0002451833333333332}