{"RMSE_loss": 192.84922790527344, "R^2 score": -1.6551469564437866, "training_duration": 10.224605, "inference_latency": 0.0002600350000000003}