{"RMSE_loss": 3.784912109375, "R^2 score": -1.4870396852493286, "training_duration": 1.163418, "inference_latency": 0.00022974999999999997}