{"RMSE_loss": 5.681613445281982, "R^2 score": -5.520387172698975, "training_duration": 1.050319, "inference_latency": 0.00022055}