{"RMSE_loss": 4.645061492919922, "R^2 score": -3.2389609813690186, "training_duration": 0.795048, "inference_latency": 0.000361175}