{"RMSE_loss": 1.654053807258606, "R^2 score": 0.40585097670555115, "training_duration": 10.852944, "inference_latency": 0.00034561999999999966}