{"RMSE_loss": 3.7677597999572754, "R^2 score": -1.5335657596588135, "training_duration": 1.113132, "inference_latency": 0.00027351666666666666}