{"RMSE_loss": 2.6848866939544678, "R^2 score": -0.5160998702049255, "training_duration": 0.745501, "inference_latency": 0.00025059999999999997}