{"RMSE_loss": 0.5825718641281128, "R^2 score": 0.3915390968322754, "training_duration": 10.627345, "inference_latency": 0.00019130666666666653}