{"RMSE_loss": 3.8143653869628906, "R^2 score": -1.551038146018982, "training_duration": 0.785971, "inference_latency": 0.000298775}