{"RMSE_loss": 4.04885721206665, "R^2 score": -2.0463318824768066, "training_duration": 1.257492, "inference_latency": 0.0005809666666666667}