{"RMSE_loss": 196.19447326660156, "R^2 score": -1.6519560813903809, "training_duration": 11.77257, "inference_latency": 0.0003373366666666668}