{"RMSE_loss": 1.460289478302002, "R^2 score": -0.7351090908050537, "training_duration": 10.638767, "inference_latency": 0.00023349833333333352}