{"RMSE_loss": 5.024386882781982, "R^2 score": -4.149170398712158, "training_duration": 7.922425, "inference_latency": 0.0002284999999999995}