{"RMSE_loss": 3.584102153778076, "R^2 score": -1.63767409324646, "training_duration": 7.692479, "inference_latency": 0.00024116250000000015}