{"RMSE_loss": 183.99891662597656, "R^2 score": -1.1918938159942627, "training_duration": 10.3428, "inference_latency": 0.0001955333333333329}