{"RMSE_loss": 2.851935863494873, "R^2 score": -0.5650728940963745, "training_duration": 1.102295, "inference_latency": 0.00017341666666666677}