{"RMSE_loss": 0.8742895722389221, "R^2 score": 0.27429434657096863, "training_duration": 11.014524, "inference_latency": 0.00030116333333333345}