{"RMSE_loss": 4.312164783477783, "R^2 score": -2.6529433727264404, "training_duration": 0.793061, "inference_latency": 0.0004030250000000001}