{"RMSE_loss": 4.89695405960083, "R^2 score": -6.506240367889404, "training_duration": 1.029007, "inference_latency": 0.00022895}