{"RMSE_loss": 4.153641700744629, "R^2 score": -1.985559105873108, "training_duration": 0.824402, "inference_latency": 0.00026655000000000006}