{"RMSE_loss": 0.8679894208908081, "R^2 score": 0.27394747734069824, "training_duration": 11.151478, "inference_latency": 0.00034062999999999975}