{"RMSE_loss": 201.88206481933594, "R^2 score": -1.5267267227172852, "training_duration": 11.093192, "inference_latency": 0.00029175499999999945}