{"RMSE_loss": 3.9708898067474365, "R^2 score": -4.243009567260742, "training_duration": 1.108384, "inference_latency": 0.00022404999999999997}