{"RMSE_loss": 122.69828033447266, "R^2 score": -0.04658970981836319, "training_duration": 10.234444, "inference_latency": 0.00019172666666666661}