{"RMSE_loss": 152.22998046875, "R^2 score": -0.5254808068275452, "training_duration": 10.61112, "inference_latency": 0.0003004599999999999}