{"RMSE_loss": 2.8064191341400146, "R^2 score": -3.877413034439087, "training_duration": 10.486618, "inference_latency": 0.000231043333333333}