{"RMSE_loss": 17.827129364013672, "R^2 score": -55.067054748535156, "training_duration": 0.788226, "inference_latency": 0.00022470000000000004}