{"RMSE_loss": 1.2436014413833618, "R^2 score": 0.6536495685577393, "training_duration": 10.442563, "inference_latency": 0.0002302983333333332}