{"RMSE_loss": 0.522162139415741, "R^2 score": 0.6466813683509827, "training_duration": 10.840782, "inference_latency": 0.00023081833333333333}