{"RMSE_loss": 1.3999614715576172, "R^2 score": -0.7905965447425842, "training_duration": 11.840079, "inference_latency": 0.000271625}