{"RMSE_loss": 2.6048436164855957, "R^2 score": -0.15943759679794312, "training_duration": 0.986809, "inference_latency": 0.00013201666666666666}