{"RMSE_loss": 1.4108487367630005, "R^2 score": 0.5936548113822937, "training_duration": 10.621631, "inference_latency": 0.0002237666666666668}