{"RMSE_loss": 3.285658359527588, "R^2 score": -0.9205411672592163, "training_duration": 1.033586, "inference_latency": 0.0002066500000000001}