{"RMSE_loss": 1.9866664409637451, "R^2 score": 0.2450905591249466, "training_duration": 11.235098, "inference_latency": 0.0005219483333333329}