{"RMSE_loss": 2.1367199420928955, "R^2 score": 0.07632110267877579, "training_duration": 0.818078, "inference_latency": 0.00028592499999999997}