{"RMSE_loss": 201.94956970214844, "R^2 score": -1.5908761024475098, "training_duration": 1.142485, "inference_latency": 0.0004801666666666666}