{"RMSE_loss": 4.799038887023926, "R^2 score": -3.20462703704834, "training_duration": 1.024056, "inference_latency": 0.00023899999999999993}