{"RMSE_loss": 7.362980365753174, "R^2 score": -9.246843338012695, "training_duration": 1.074038, "inference_latency": 0.00015709999999999997}