{"RMSE_loss": 2.099241018295288, "R^2 score": 0.13115309178829193, "training_duration": 13.300844, "inference_latency": 0.0013876399999999988}