{"RMSE_loss": 2.105336904525757, "R^2 score": 0.14404597878456116, "training_duration": 0.793792, "inference_latency": 0.000178875}