{"RMSE_loss": 3.1273319721221924, "R^2 score": -0.8758726716041565, "training_duration": 12.568151, "inference_latency": 0.0013841233333333333}