{"RMSE_loss": 199.83433532714844, "R^2 score": -1.6318182945251465, "training_duration": 10.553476, "inference_latency": 0.0002500866666666666}