{"RMSE_loss": 1.4689617156982422, "R^2 score": -1.2565693855285645, "training_duration": 10.335259, "inference_latency": 0.00021318999999999996}