{"RMSE_loss": 2.2065539360046387, "R^2 score": 0.03783876821398735, "training_duration": 0.777022, "inference_latency": 0.0002493250000000001}