{"RMSE_loss": 2.8782050609588623, "R^2 score": -0.7166264057159424, "training_duration": 10.996908, "inference_latency": 0.0004544483333333337}