{"RMSE_loss": 3.298685312271118, "R^2 score": -1.290622591972351, "training_duration": 8.115847, "inference_latency": 0.00026031750000000026}