{"RMSE_loss": 188.86981201171875, "R^2 score": -1.6192901134490967, "training_duration": 10.483831, "inference_latency": 0.00025550166666666663}