{"RMSE_loss": 193.00411987304688, "R^2 score": -1.3245856761932373, "training_duration": 10.057915, "inference_latency": 0.00016774333333333306}