{"RMSE_loss": 103.28999328613281, "R^2 score": 0.25796085596084595, "training_duration": 10.518071, "inference_latency": 0.0002200450000000004}