{"validation_score": 0.36969696969696975, "F1_score_train": 1.0, "F1_score_test": 0.33132284367296494, "F1_score_validation": 0.3537375528566973, "accuracy_train": 1.0, "accuracy_test": 0.3132530120481928, "accuracy_validation": 0.3313253012048193, "recall_score_train": 1.0, "recall_score_test": 0.30325381638814475, "recall_score_validation": 0.3121990491467372, "precision_score_train": 1.0, "precision_score_test": 0.29689220277109857, "precision_score_validation": 0.30506295159935803}