{"validation_score": 0.8028686868686868, "F1_score": 0.9079039260954344, "accuracy": 0.903420523138833}