{"validation_score": 0.44848484848484843, "F1_score_train": 0.9512691299499195, "F1_score_test": 0.35913485437388376, "F1_score_validation": 0.35615590565010247, "accuracy_train": 0.9515151515151515, "accuracy_test": 0.3463855421686747, "accuracy_validation": 0.3463855421686747, "recall_score_train": 0.9450333979745744, "recall_score_test": 0.32958783129669206, "recall_score_validation": 0.3412513921231143, "precision_score_train": 0.9664444444444446, "precision_score_test": 0.3622438781837278, "precision_score_validation": 0.36712980718942856}