{"RMSE_loss": 4.392230033874512, "R^2 score": -2.660059690475464, "training_duration": 1.095511, "inference_latency": 0.00016376666666666667}