{"RMSE_loss": 4.49008846282959, "R^2 score": -2.515469789505005, "training_duration": 0.75824, "inference_latency": 0.00024794999999999993}