{"RMSE_loss": 6.06511926651001, "R^2 score": -6.0220627784729, "training_duration": 1.034278, "inference_latency": 0.00020665000000000004}