{"RMSE_loss": 2.6763503551483154, "R^2 score": -0.30215880274772644, "training_duration": 1.033799, "inference_latency": 0.00021693333333333337}