{"RMSE_loss": 3.964235305786133, "R^2 score": -2.1894962787628174, "training_duration": 7.812732, "inference_latency": 0.00024957500000000014}