{"RMSE_loss": 2.2802343368530273, "R^2 score": -0.07920518517494202, "training_duration": 12.703761, "inference_latency": 0.00102834}