{"RMSE_loss": 1.4568500518798828, "R^2 score": -3.496990919113159, "training_duration": 10.830738, "inference_latency": 0.00033881666666666656}