{"RMSE_loss": 5.841944217681885, "R^2 score": -24.61540412902832, "training_duration": 10.351661, "inference_latency": 0.00021520166666666655}