{"RMSE_loss": 1.9950026273727417, "R^2 score": 0.2417403608560562, "training_duration": 10.230159, "inference_latency": 0.00014552999999999997}