{"RMSE_loss": 196.3235626220703, "R^2 score": -1.7334197759628296, "training_duration": 10.275636, "inference_latency": 0.00022085666666666647}