{"RMSE_loss": 196.44459533691406, "R^2 score": -1.514035940170288, "training_duration": 10.598029, "inference_latency": 0.00020604}