{"RMSE_loss": 3.3991992473602295, "R^2 score": -1.3209644556045532, "training_duration": 1.053337, "inference_latency": 0.00028365}