{"RMSE_loss": 2.515281915664673, "R^2 score": -0.26600050926208496, "training_duration": 1.055958, "inference_latency": 0.00022876666666666668}