{"RMSE_loss": 202.88282775878906, "R^2 score": -1.4785634279251099, "training_duration": 1.283688, "inference_latency": 0.0009372166666666667}