{"RMSE_loss": 4.379881381988525, "R^2 score": -2.4724762439727783, "training_duration": 1.017036, "inference_latency": 0.0002302333333333334}