{"RMSE_loss": 2.6879518032073975, "R^2 score": -0.4222119152545929, "training_duration": 1.067353, "inference_latency": 0.00019130000000000001}