{"RMSE_loss": 1.590234637260437, "R^2 score": 0.44532617926597595, "training_duration": 12.499009, "inference_latency": 0.0008249700000000002}