{"RMSE_loss": 0.6333585977554321, "R^2 score": 0.3178108334541321, "training_duration": 10.490066, "inference_latency": 0.00018446}