{"RMSE_loss": 3.095669984817505, "R^2 score": -0.7366257905960083, "training_duration": 1.057161, "inference_latency": 0.00031969999999999996}