{"RMSE_loss": 2.3665378093719482, "R^2 score": -0.11580564081668854, "training_duration": 10.287776, "inference_latency": 0.00022293666666666666}