{"RMSE_loss": 2.0524673461914062, "R^2 score": 0.1870374083518982, "training_duration": 10.992723, "inference_latency": 0.00018434666666666678}