{"RMSE_loss": 3.3151955604553223, "R^2 score": -1.258515477180481, "training_duration": 1.010241, "inference_latency": 0.00023159999999999996}