{"RMSE_loss": 196.0916290283203, "R^2 score": -1.6514973640441895, "training_duration": 10.400058, "inference_latency": 0.00021307333333333325}