{"RMSE_loss": 3.974531888961792, "R^2 score": -1.6299209594726562, "training_duration": 0.797687, "inference_latency": 0.00022165000000000002}