{"RMSE_loss": 6.1353254318237305, "R^2 score": -5.97511100769043, "training_duration": 0.998304, "inference_latency": 0.00021765000000000003}