{"RMSE_loss": 113.3097915649414, "R^2 score": 0.1949937641620636, "training_duration": 10.381757, "inference_latency": 0.00023485666666666654}