{"RMSE_loss": 7.949650287628174, "R^2 score": -11.689009666442871, "training_duration": 7.762848, "inference_latency": 0.0002315425000000001}