{"RMSE_loss": 3.043166160583496, "R^2 score": -1.0618374347686768, "training_duration": 7.627915, "inference_latency": 0.00023155250000000017}