{"RMSE_loss": 5.00004243850708, "R^2 score": -3.318283796310425, "training_duration": 0.79396, "inference_latency": 0.00021329999999999998}