{"RMSE_loss": 204.21519470214844, "R^2 score": -1.5296481847763062, "training_duration": 1.148076, "inference_latency": 0.00023216666666666665}