{"RMSE_loss": 5.664599895477295, "R^2 score": -4.600496768951416, "training_duration": 0.800912, "inference_latency": 0.00024074999999999994}