{"RMSE_loss": 128.8172149658203, "R^2 score": -0.17022866010665894, "training_duration": 10.441315, "inference_latency": 0.00025635833333333315}