{"RMSE_loss": 4.622506141662598, "R^2 score": -3.191448926925659, "training_duration": 0.769921, "inference_latency": 0.0003662250000000001}