{"RMSE_loss": 3.346933364868164, "R^2 score": -0.917969822883606, "training_duration": 0.76013, "inference_latency": 0.00016945}