{"RMSE_loss": 196.89634704589844, "R^2 score": -1.5542628765106201, "training_duration": 11.357079, "inference_latency": 0.00024110833333333318}