{"RMSE_loss": 0.5571543574333191, "R^2 score": 0.16034358739852905, "training_duration": 10.449663, "inference_latency": 0.00019303833333333324}