{"RMSE_loss": 3.2179689407348633, "R^2 score": -0.898952305316925, "training_duration": 1.085411, "inference_latency": 0.00016839999999999997}