{"RMSE_loss": 0.6240505576133728, "R^2 score": 0.5517860651016235, "training_duration": 11.576447, "inference_latency": 0.00035158833333333284}