{"RMSE_loss": 7.412410259246826, "R^2 score": -10.395610809326172, "training_duration": 10.468165, "inference_latency": 0.00021166833333333357}