{"RMSE_loss": 2.824652671813965, "R^2 score": -0.4617018699645996, "training_duration": 1.041684, "inference_latency": 0.00025413333333333335}