{"RMSE_loss": 4.335536003112793, "R^2 score": -2.709115982055664, "training_duration": 0.799675, "inference_latency": 0.0004755250000000001}