{"RMSE_loss": 102.18356323242188, "R^2 score": 0.24014289677143097, "training_duration": 10.5215, "inference_latency": 0.00024101166666666695}