{"RMSE_loss": 4.401066780090332, "R^2 score": -2.7985477447509766, "training_duration": 0.825517, "inference_latency": 0.0007132000000000001}