{"RMSE_loss": 4.291178226470947, "R^2 score": -2.2719600200653076, "training_duration": 1.127914, "inference_latency": 0.00019355}