{"RMSE_loss": 3.3284242153167725, "R^2 score": -1.266464352607727, "training_duration": 1.074411, "inference_latency": 0.00020106666666666668}