{"RMSE_loss": 200.57032775878906, "R^2 score": -1.641208529472351, "training_duration": 10.900249, "inference_latency": 0.00020755166666666655}