{"RMSE_loss": 195.5493927001953, "R^2 score": -1.6227482557296753, "training_duration": 10.241969, "inference_latency": 0.00024017166666666663}