{"RMSE_loss": 2.679098606109619, "R^2 score": -0.6436278820037842, "training_duration": 7.887455, "inference_latency": 0.00025815500000000004}