{"RMSE_loss": 4.616418361663818, "R^2 score": -2.9522008895874023, "training_duration": 1.031448, "inference_latency": 0.0002498333333333333}