{"RMSE_loss": 0.6531603336334229, "R^2 score": 0.5688063502311707, "training_duration": 11.532593, "inference_latency": 0.0002770483333333333}