{"RMSE_loss": 4.164109230041504, "R^2 score": -2.1355607509613037, "training_duration": 1.096502, "inference_latency": 0.0002345666666666667}