{"RMSE_loss": 2.6034066677093506, "R^2 score": -1.195297122001648, "training_duration": 10.411703, "inference_latency": 0.0001962666666666667}