{"RMSE_loss": 6.06572961807251, "R^2 score": -5.434173583984375, "training_duration": 1.106123, "inference_latency": 0.00020391666666666664}