{"RMSE_loss": 201.38571166992188, "R^2 score": -1.568503499031067, "training_duration": 1.132423, "inference_latency": 0.0002492666666666666}