{"RMSE_loss": 203.3932342529297, "R^2 score": -1.4957635402679443, "training_duration": 1.13176, "inference_latency": 0.00018403333333333335}