{"RMSE_loss": 2.117784023284912, "R^2 score": 0.044096849858760834, "training_duration": 8.224908, "inference_latency": 0.0003207225}