{"RMSE_loss": 181.6846160888672, "R^2 score": -1.4147623777389526, "training_duration": 10.112699, "inference_latency": 0.0002232483333333334}