{"RMSE_loss": 1.7078572511672974, "R^2 score": -1.3663661479949951, "training_duration": 10.446767, "inference_latency": 0.00023033999999999994}