{"RMSE_loss": 2.416501760482788, "R^2 score": -0.4275663197040558, "training_duration": 10.819017, "inference_latency": 0.00034051166666666663}