{"RMSE_loss": 2.3313755989074707, "R^2 score": -0.10281898081302643, "training_duration": 10.56163, "inference_latency": 0.0003668166666666669}