{"RMSE_loss": 196.30764770507812, "R^2 score": -1.4155796766281128, "training_duration": 10.383724, "inference_latency": 0.00020561500000000003}