{"RMSE_loss": 2.6440744400024414, "R^2 score": -0.21778889000415802, "training_duration": 1.141239, "inference_latency": 0.0004210166666666667}