{"RMSE_loss": 6.49170446395874, "R^2 score": -5.977090835571289, "training_duration": 0.815398, "inference_latency": 0.000234475}