{"RMSE_loss": 12.97935962677002, "R^2 score": -37.34939956665039, "training_duration": 10.787572, "inference_latency": 0.0001750383333333333}