{"RMSE_loss": 117.96385192871094, "R^2 score": -0.002341269748285413, "training_duration": 10.440174, "inference_latency": 0.0002915966666666666}