{"RMSE_loss": 0.6524091958999634, "R^2 score": -2.179605484008789, "training_duration": 11.190573, "inference_latency": 0.00022987}