{"RMSE_loss": 4.8111186027526855, "R^2 score": -3.8066623210906982, "training_duration": 0.783894, "inference_latency": 0.000244175}