{"RMSE_loss": 4.327913761138916, "R^2 score": -2.170686960220337, "training_duration": 1.007095, "inference_latency": 0.0001749}