{"RMSE_loss": 203.64605712890625, "R^2 score": -1.687196135520935, "training_duration": 1.146143, "inference_latency": 0.00028763333333333324}