{"RMSE_loss": 108.37494659423828, "R^2 score": 0.15198510885238647, "training_duration": 10.345414, "inference_latency": 0.00023422}