{"RMSE_loss": 5.113990306854248, "R^2 score": -3.6167385578155518, "training_duration": 1.004325, "inference_latency": 0.0001491833333333333}