{"RMSE_loss": 3.817948818206787, "R^2 score": -1.5791451930999756, "training_duration": 0.794728, "inference_latency": 0.00028377500000000005}