{"RMSE_loss": 6.003286838531494, "R^2 score": -5.766724586486816, "training_duration": 1.065297, "inference_latency": 0.00020648333333333333}