{"RMSE_loss": 193.14401245117188, "R^2 score": -1.7747563123703003, "training_duration": 10.399285, "inference_latency": 0.00034075666666666686}