{"RMSE_loss": 200.91571044921875, "R^2 score": -1.5738921165466309, "training_duration": 10.940305, "inference_latency": 0.00026013333333333344}