{"RMSE_loss": 2.5266289710998535, "R^2 score": -0.3029015362262726, "training_duration": 7.78203, "inference_latency": 0.0002777799999999998}