{"RMSE_loss": 3.2670671939849854, "R^2 score": -1.046555519104004, "training_duration": 1.010946, "inference_latency": 0.00020968333333333335}