{"RMSE_loss": 117.0064468383789, "R^2 score": 0.0009387655300088227, "training_duration": 10.361298, "inference_latency": 0.00023049333333333334}