{"RMSE_loss": 1.3596736192703247, "R^2 score": 0.5124371647834778, "training_duration": 10.40285, "inference_latency": 0.00013157833333333354}