{"RMSE_loss": 204.8740234375, "R^2 score": -1.5418907403945923, "training_duration": 1.252538, "inference_latency": 0.0004423333333333333}