{"RMSE_loss": 1.7237119674682617, "R^2 score": 0.30423229932785034, "training_duration": 12.830306, "inference_latency": 0.0009222716666666675}