{"RMSE_loss": 2.5252859592437744, "R^2 score": -0.24076032638549805, "training_duration": 1.062445, "inference_latency": 0.00015554999999999999}