{"RMSE_loss": 4.5968451499938965, "R^2 score": -2.8406317234039307, "training_duration": 1.107622, "inference_latency": 0.00015406666666666665}