{"RMSE_loss": 4.917357444763184, "R^2 score": -3.6000659465789795, "training_duration": 1.03562, "inference_latency": 0.00015911666666666664}