{"RMSE_loss": 200.9556427001953, "R^2 score": -1.634702205657959, "training_duration": 9.890906, "inference_latency": 0.00017206333333333345}