{"RMSE_loss": 3.589506149291992, "R^2 score": -1.6731922626495361, "training_duration": 0.7493, "inference_latency": 0.0002659750000000001}