{"RMSE_loss": 1.6522456407546997, "R^2 score": -0.7677686810493469, "training_duration": 10.301753, "inference_latency": 0.0001826866666666668}