{"RMSE_loss": 2.262115001678467, "R^2 score": 0.10179547220468521, "training_duration": 0.760906, "inference_latency": 0.000210675}