{"RMSE_loss": 4.163630485534668, "R^2 score": -3.0889039039611816, "training_duration": 0.839217, "inference_latency": 0.00031375}