{"RMSE_loss": 202.68124389648438, "R^2 score": -1.5597623586654663, "training_duration": 1.143449, "inference_latency": 0.00021474999999999996}