{"RMSE_loss": 2.7534055709838867, "R^2 score": -0.5198538303375244, "training_duration": 1.107494, "inference_latency": 0.00020210000000000003}