{"RMSE_loss": 7.219118118286133, "R^2 score": -9.545158386230469, "training_duration": 7.784188, "inference_latency": 0.00021464000000000005}