{"RMSE_loss": 4.623353958129883, "R^2 score": -3.197240114212036, "training_duration": 0.785172, "inference_latency": 0.000542325}