{"RMSE_loss": 200.41793823242188, "R^2 score": -1.6451154947280884, "training_duration": 10.60763, "inference_latency": 0.00025810333333333324}