{"RMSE_loss": 4.718132972717285, "R^2 score": -2.8530683517456055, "training_duration": 0.778755, "inference_latency": 0.00025455000000000003}