{"RMSE_loss": 7.29032039642334, "R^2 score": -9.695552825927734, "training_duration": 1.08937, "inference_latency": 0.00025228333333333333}