{"RMSE_loss": 117.45230102539062, "R^2 score": 0.11826333403587341, "training_duration": 10.382439, "inference_latency": 0.0001341533333333335}