{"RMSE_loss": 1.6939518451690674, "R^2 score": 0.38656920194625854, "training_duration": 13.255201, "inference_latency": 0.0010865183333333328}