{"RMSE_loss": 0.9562884569168091, "R^2 score": 0.11578036099672318, "training_duration": 10.604498, "inference_latency": 0.00028779000000000006}