{"RMSE_loss": 5.314448356628418, "R^2 score": -4.019570350646973, "training_duration": 1.034111, "inference_latency": 0.00018118333333333336}