{"RMSE_loss": 9.904861450195312, "R^2 score": -5236.71044921875, "training_duration": 10.354759, "inference_latency": 0.00018129833333333344}