{"RMSE_loss": 4.94308614730835, "R^2 score": -3.6309151649475098, "training_duration": 1.048355, "inference_latency": 0.00015253333333333332}