{"RMSE_loss": 1.6796005964279175, "R^2 score": 0.3382449448108673, "training_duration": 10.643291, "inference_latency": 0.00019161666666666675}