{"RMSE_loss": 5.229873180389404, "R^2 score": -4.007688522338867, "training_duration": 1.383713, "inference_latency": 0.00014044999999999994}