{"RMSE_loss": 0.5935423374176025, "R^2 score": 0.6421629190444946, "training_duration": 10.400839, "inference_latency": 0.0002811233333333328}