{"RMSE_loss": 132.7032928466797, "R^2 score": -0.33936449885368347, "training_duration": 10.632179, "inference_latency": 0.00023238833333333325}