{"RMSE_loss": 5.10530948638916, "R^2 score": -3.4998562335968018, "training_duration": 0.777994, "inference_latency": 0.000244925}