{"RMSE_loss": 3.3405141830444336, "R^2 score": -1.2629200220108032, "training_duration": 1.044018, "inference_latency": 0.0002544166666666666}