{"RMSE_loss": 102.76013946533203, "R^2 score": 0.2511945366859436, "training_duration": 11.208583, "inference_latency": 0.0007205250000000004}