{"RMSE_loss": 4.298214435577393, "R^2 score": -2.2033774852752686, "training_duration": 0.798595, "inference_latency": 0.00027235000000000003}