{"RMSE_loss": 0.5324401259422302, "R^2 score": 0.6710586547851562, "training_duration": 10.996479, "inference_latency": 0.00028085333333333345}