{"RMSE_loss": 8.418500900268555, "R^2 score": -12.46342945098877, "training_duration": 1.062356, "inference_latency": 0.0002148}