{"RMSE_loss": 202.62693786621094, "R^2 score": -1.5878982543945312, "training_duration": 10.367644, "inference_latency": 0.00026400833333333363}