{"RMSE_loss": 1.4894496202468872, "R^2 score": -1.7528265714645386, "training_duration": 10.36635, "inference_latency": 0.00018598000000000003}