{"RMSE_loss": 4.481543064117432, "R^2 score": -2.535656213760376, "training_duration": 1.088068, "inference_latency": 0.0002147166666666666}