{"RMSE_loss": 6.068902969360352, "R^2 score": -6.218161582946777, "training_duration": 1.061702, "inference_latency": 0.00015483333333333332}