{"RMSE_loss": 2.563692808151245, "R^2 score": -0.16226232051849365, "training_duration": 0.764799, "inference_latency": 0.00022445}