{"RMSE_loss": 1.5990087985992432, "R^2 score": -10.112344741821289, "training_duration": 10.339812, "inference_latency": 0.00022088666666666659}