{"RMSE_loss": 0.6652604937553406, "R^2 score": 0.39965373277664185, "training_duration": 10.643772, "inference_latency": 0.0002209033333333331}