{"RMSE_loss": 3.6539130210876465, "R^2 score": -1.7732508182525635, "training_duration": 0.767424, "inference_latency": 0.0002651000000000001}