{"RMSE_loss": 0.6038757562637329, "R^2 score": 0.5409153699874878, "training_duration": 10.659234, "inference_latency": 0.00021060333333333326}