{"RMSE_loss": 2.383955717086792, "R^2 score": -0.09168905764818192, "training_duration": 10.906633, "inference_latency": 0.00023219499999999982}