{"RMSE_loss": 121.1796875, "R^2 score": -0.06061459705233574, "training_duration": 10.371834, "inference_latency": 0.0002108983333333334}