{"RMSE_loss": 4.538161277770996, "R^2 score": -3.1006081104278564, "training_duration": 0.944411, "inference_latency": 0.0014493249999999998}