{"RMSE_loss": 2.78767728805542, "R^2 score": -0.49143821001052856, "training_duration": 1.092284, "inference_latency": 0.00020255}