{"RMSE_loss": 206.78955078125, "R^2 score": -1.469252347946167, "training_duration": 1.111159, "inference_latency": 0.00020476666666666667}