{"RMSE_loss": 109.06926727294922, "R^2 score": 0.25891733169555664, "training_duration": 10.424181, "inference_latency": 0.0002060583333333335}