{"RMSE_loss": 2.648059368133545, "R^2 score": -0.2940634787082672, "training_duration": 1.029924, "inference_latency": 0.0002245833333333333}