{"RMSE_loss": 1.2437254190444946, "R^2 score": 0.6684955358505249, "training_duration": 10.5292, "inference_latency": 0.0002685216666666668}