{"RMSE_loss": 8.790903091430664, "R^2 score": -13.039094924926758, "training_duration": 0.994104, "inference_latency": 0.00019534999999999998}