{"RMSE_loss": 2.244295120239258, "R^2 score": -0.09110552817583084, "training_duration": 7.929095, "inference_latency": 0.00024331750000000004}