{"RMSE_loss": 2.1471006870269775, "R^2 score": -24.017539978027344, "training_duration": 10.125439, "inference_latency": 0.00019300666666666674}