{"RMSE_loss": 4.417779445648193, "R^2 score": -2.881253957748413, "training_duration": 1.018602, "inference_latency": 0.0014942999999999998}