{"RMSE_loss": 114.7796859741211, "R^2 score": 0.16029570996761322, "training_duration": 10.126728, "inference_latency": 0.00015034000000000014}