{"RMSE_loss": 0.5531071424484253, "R^2 score": 0.675507664680481, "training_duration": 10.459851, "inference_latency": 0.00021727500000000006}