{"RMSE_loss": 2.8850302696228027, "R^2 score": -0.7710851430892944, "training_duration": 0.746407, "inference_latency": 0.0003029250000000001}