{"RMSE_loss": 0.9173794388771057, "R^2 score": 0.22576415538787842, "training_duration": 10.406077, "inference_latency": 0.00029834499999999994}