{"RMSE_loss": 4.621911525726318, "R^2 score": -3.5731029510498047, "training_duration": 0.795993, "inference_latency": 0.0003208750000000001}