{"RMSE_loss": 1.1434792280197144, "R^2 score": -1.555327296257019, "training_duration": 10.771504, "inference_latency": 0.0002578699999999995}