{"RMSE_loss": 5.381872177124023, "R^2 score": -3.8780665397644043, "training_duration": 0.756096, "inference_latency": 0.00017937500000000006}