{"RMSE_loss": 3.1098904609680176, "R^2 score": -0.7952438592910767, "training_duration": 1.064659, "inference_latency": 0.0002071833333333333}