{"RMSE_loss": 175.98623657226562, "R^2 score": -1.3040589094161987, "training_duration": 10.374731, "inference_latency": 0.00019746500000000005}