{"RMSE_loss": 4.887480735778809, "R^2 score": -3.4364590644836426, "training_duration": 0.998047, "inference_latency": 0.00017624999999999995}