{"RMSE_loss": 2.8543992042541504, "R^2 score": -0.5730758905410767, "training_duration": 1.038815, "inference_latency": 0.0001712666666666666}