{"RMSE_loss": 5.114159107208252, "R^2 score": -3.548015594482422, "training_duration": 0.772025, "inference_latency": 0.0002955000000000001}