{"RMSE_loss": 196.05067443847656, "R^2 score": -1.624668836593628, "training_duration": 11.018528, "inference_latency": 0.00027892666666666694}