{"RMSE_loss": 2.2225282192230225, "R^2 score": -0.013618078082799911, "training_duration": 7.772965, "inference_latency": 0.0002267825}