{"RMSE_loss": 203.77963256835938, "R^2 score": -1.4961841106414795, "training_duration": 1.077646, "inference_latency": 0.0001731666666666666}