{"RMSE_loss": 4.004085540771484, "R^2 score": -2.0134613513946533, "training_duration": 0.81335, "inference_latency": 0.00025652499999999996}