{"RMSE_loss": 6.1588592529296875, "R^2 score": -6.209486961364746, "training_duration": 1.104721, "inference_latency": 0.0001800833333333333}