{"RMSE_loss": 2.8273868560791016, "R^2 score": -1.2048214673995972, "training_duration": 0.805574, "inference_latency": 0.0002386}