{"RMSE_loss": 2.6158087253570557, "R^2 score": -0.4263578951358795, "training_duration": 0.75873, "inference_latency": 0.00031072500000000003}