{"RMSE_loss": 146.0487518310547, "R^2 score": -0.4894229769706726, "training_duration": 10.173387, "inference_latency": 0.00026031333333333324}