{"RMSE_loss": 2.293219804763794, "R^2 score": -0.05156230926513672, "training_duration": 10.995406, "inference_latency": 0.00018990166666666653}