{"RMSE_loss": 2.828366756439209, "R^2 score": -0.5451956987380981, "training_duration": 0.771359, "inference_latency": 0.00023004999999999993}