{"RMSE_loss": 4.579832553863525, "R^2 score": -2.9342446327209473, "training_duration": 1.102026, "inference_latency": 0.00021053333333333332}