{"RMSE_loss": 3.341024875640869, "R^2 score": -1.1552296876907349, "training_duration": 1.038784, "inference_latency": 0.0002272}