{"RMSE_loss": 4.544952869415283, "R^2 score": -2.897402763366699, "training_duration": 1.069376, "inference_latency": 0.0002317666666666667}