{"RMSE_loss": 4.543196678161621, "R^2 score": -3.072479009628296, "training_duration": 0.817306, "inference_latency": 0.0005768749999999999}