{"RMSE_loss": 2.930938482284546, "R^2 score": -0.6698299646377563, "training_duration": 1.009981, "inference_latency": 0.0001940166666666667}