{"RMSE_loss": 195.29591369628906, "R^2 score": -1.6603310108184814, "training_duration": 10.523615, "inference_latency": 0.00029494499999999975}