{"RMSE_loss": 1.0738195180892944, "R^2 score": -0.08433833718299866, "training_duration": 10.620274, "inference_latency": 0.00025369833333333333}