{"RMSE_loss": 121.04683685302734, "R^2 score": -0.09104882180690765, "training_duration": 10.888203, "inference_latency": 0.0005451900000000013}