{"RMSE_loss": 2.120903253555298, "R^2 score": 0.08016694337129593, "training_duration": 7.878632, "inference_latency": 0.00019386999999999996}