{"RMSE_loss": 191.5968475341797, "R^2 score": -1.5410082340240479, "training_duration": 11.018249, "inference_latency": 0.0003331733333333332}