{"RMSE_loss": 2.2647416591644287, "R^2 score": -0.06230070814490318, "training_duration": 10.544508, "inference_latency": 0.00033253833333333365}