{"RMSE_loss": 2.445664405822754, "R^2 score": -0.1709800809621811, "training_duration": 1.083643, "inference_latency": 0.00023281666666666662}