{"RMSE_loss": 1.5670411586761475, "R^2 score": -0.34014615416526794, "training_duration": 10.366775, "inference_latency": 0.00023391333333333314}