{"RMSE_loss": 1.3970985412597656, "R^2 score": -0.06982714682817459, "training_duration": 10.6376, "inference_latency": 0.00020461833333333324}