{"RMSE_loss": 4.070929050445557, "R^2 score": -1.9398677349090576, "training_duration": 1.10237, "inference_latency": 0.00022311666666666665}