{"RMSE_loss": 197.49610900878906, "R^2 score": -1.6327613592147827, "training_duration": 10.469624, "inference_latency": 0.00015639833333333324}