{"RMSE_loss": 177.24916076660156, "R^2 score": -1.086798906326294, "training_duration": 10.555949, "inference_latency": 0.00023888000000000015}