{"RMSE_loss": 154.6572723388672, "R^2 score": -0.6566578149795532, "training_duration": 10.281057, "inference_latency": 0.00026706833333333345}