{"RMSE_loss": 1.36639404296875, "R^2 score": 0.6272397637367249, "training_duration": 10.702303, "inference_latency": 0.00027917833333333336}