{"RMSE_loss": 3.6426382064819336, "R^2 score": -1.3230422735214233, "training_duration": 1.035065, "inference_latency": 0.00017251666666666661}