{"RMSE_loss": 10.179101943969727, "R^2 score": -18.7759952545166, "training_duration": 1.075662, "inference_latency": 0.00015515}