{"RMSE_loss": 5.235424995422363, "R^2 score": -4.151126384735107, "training_duration": 1.028808, "inference_latency": 0.0002379833333333333}