{"RMSE_loss": 3.1776552200317383, "R^2 score": -1.1436893939971924, "training_duration": 0.849866, "inference_latency": 0.00037412499999999995}