{"RMSE_loss": 2.9965436458587646, "R^2 score": -0.510028600692749, "training_duration": 1.017615, "inference_latency": 0.0002305}