{"RMSE_loss": 3.8576202392578125, "R^2 score": -2.0165226459503174, "training_duration": 7.838578, "inference_latency": 0.00025070750000000014}