{"RMSE_loss": 8.544833183288574, "R^2 score": -11.720907211303711, "training_duration": 0.799959, "inference_latency": 0.000306125}