{"RMSE_loss": 3.1201672554016113, "R^2 score": -1.045119047164917, "training_duration": 0.793802, "inference_latency": 0.00023564999999999995}