{"RMSE_loss": 2.903897523880005, "R^2 score": -0.6960570216178894, "training_duration": 1.081495, "inference_latency": 0.00021135000000000001}