{"RMSE_loss": 2.127826690673828, "R^2 score": 0.09143026173114777, "training_duration": 7.837779, "inference_latency": 0.00023398000000000017}