{"RMSE_loss": 2.5278162956237793, "R^2 score": -0.35220542550086975, "training_duration": 0.829235, "inference_latency": 0.00029995}