{"RMSE_loss": 200.005126953125, "R^2 score": -1.6761283874511719, "training_duration": 1.091161, "inference_latency": 0.0002120833333333333}