{"RMSE_loss": 196.4119873046875, "R^2 score": -1.634824514389038, "training_duration": 10.223393, "inference_latency": 0.00024091166666666635}