{"RMSE_loss": 4.783182621002197, "R^2 score": -2.8275630474090576, "training_duration": 0.825558, "inference_latency": 0.00025825000000000007}