{"RMSE_loss": 1.3295191526412964, "R^2 score": 0.6045195460319519, "training_duration": 10.899071, "inference_latency": 0.00023250666666666678}