{"RMSE_loss": 4.36783504486084, "R^2 score": -2.9482476711273193, "training_duration": 1.081971, "inference_latency": 0.0002551333333333333}