{"RMSE_loss": 185.87332153320312, "R^2 score": -1.2480357885360718, "training_duration": 10.219975, "inference_latency": 0.00020340333333333343}