{"RMSE_loss": 2.869380474090576, "R^2 score": -0.4899510145187378, "training_duration": 1.024818, "inference_latency": 0.0002325833333333334}