{"RMSE_loss": 1.4247950315475464, "R^2 score": -0.19641003012657166, "training_duration": 10.854216, "inference_latency": 0.00021749666666666677}