{"RMSE_loss": 2.032971143722534, "R^2 score": 0.2013910710811615, "training_duration": 12.658418, "inference_latency": 0.000992240000000001}