{"RMSE_loss": 5.976207256317139, "R^2 score": -5.527586460113525, "training_duration": 1.094295, "inference_latency": 0.00020061666666666667}