{"RMSE_loss": 3.403193473815918, "R^2 score": -1.1879953145980835, "training_duration": 1.036725, "inference_latency": 0.0002343166666666667}