{"RMSE_loss": 4.425122261047363, "R^2 score": -2.8577163219451904, "training_duration": 0.894191, "inference_latency": 0.000951775}