{"RMSE_loss": 1.492244839668274, "R^2 score": -26.348342895507812, "training_duration": 10.258838, "inference_latency": 0.00020281166666666649}