{"RMSE_loss": 1.417766809463501, "R^2 score": -1.3261970281600952, "training_duration": 10.398965, "inference_latency": 0.0002235500000000001}