{"RMSE_loss": 200.42173767089844, "R^2 score": -1.6356500387191772, "training_duration": 10.604452, "inference_latency": 0.00024103166666666662}