{"RMSE_loss": 4.620920181274414, "R^2 score": -3.978882312774658, "training_duration": 1.027273, "inference_latency": 0.00019395000000000005}