{"RMSE_loss": 4.2001051902771, "R^2 score": -2.30533766746521, "training_duration": 1.01546, "inference_latency": 0.0002535}