{"RMSE_loss": 4.453282356262207, "R^2 score": -2.8877267837524414, "training_duration": 0.887784, "inference_latency": 0.0008957250000000002}