{"RMSE_loss": 131.3326873779297, "R^2 score": -0.05222358554601669, "training_duration": 10.269165, "inference_latency": 0.00023254000000000016}