{"RMSE_loss": 6.483248710632324, "R^2 score": -6.562844276428223, "training_duration": 1.077131, "inference_latency": 0.00040841666666666685}