{"RMSE_loss": 4.602697372436523, "R^2 score": -3.1531896591186523, "training_duration": 1.017329, "inference_latency": 0.00016936666666666665}