{"RMSE_loss": 1.0069822072982788, "R^2 score": -0.1470450609922409, "training_duration": 10.423922, "inference_latency": 0.0001877233333333334}