{"RMSE_loss": 3.307899236679077, "R^2 score": -1.5381605625152588, "training_duration": 1.051864, "inference_latency": 0.00021984999999999998}