{"RMSE_loss": 4.585406303405762, "R^2 score": -2.7777743339538574, "training_duration": 1.072271, "inference_latency": 0.0002535333333333334}