{"RMSE_loss": 1.177653193473816, "R^2 score": -1.5511149168014526, "training_duration": 10.493018, "inference_latency": 0.00023320666666666693}