{"RMSE_loss": 4.616515159606934, "R^2 score": -3.2198691368103027, "training_duration": 0.85008, "inference_latency": 0.000958475}