{"RMSE_loss": 2.6467690467834473, "R^2 score": -0.44468560814857483, "training_duration": 10.752931, "inference_latency": 0.00036983833333333326}