{"RMSE_loss": 5.336790561676025, "R^2 score": -3.9625563621520996, "training_duration": 0.792522, "inference_latency": 0.000304525}