{"RMSE_loss": 1.360869288444519, "R^2 score": -0.06235305964946747, "training_duration": 10.618006, "inference_latency": 0.00024191666666666608}