{"RMSE_loss": 2.614330530166626, "R^2 score": -0.42739853262901306, "training_duration": 1.006713, "inference_latency": 0.00019641666666666665}