{"RMSE_loss": 1.3778706789016724, "R^2 score": -0.05968543514609337, "training_duration": 10.383659, "inference_latency": 0.0002711266666666667}