{"RMSE_loss": 113.39486694335938, "R^2 score": 0.1990913599729538, "training_duration": 10.320076, "inference_latency": 0.0002139166666666665}