{"RMSE_loss": 10.441934585571289, "R^2 score": -18.64792823791504, "training_duration": 1.004157, "inference_latency": 0.00015595000000000008}