{"RMSE_loss": 3.2501168251037598, "R^2 score": -0.9395391941070557, "training_duration": 1.065112, "inference_latency": 0.0003765166666666668}