{"RMSE_loss": 183.58822631835938, "R^2 score": -1.1311603784561157, "training_duration": 10.238501, "inference_latency": 0.00018403499999999993}