{"RMSE_loss": 203.65675354003906, "R^2 score": -1.5626689195632935, "training_duration": 10.346906, "inference_latency": 0.00020138333333333329}