{"RMSE_loss": 4.0911865234375, "R^2 score": -1.790173888206482, "training_duration": 0.820028, "inference_latency": 0.00027734999999999994}