{"RMSE_loss": 1.4101593494415283, "R^2 score": 0.5705330967903137, "training_duration": 10.697069, "inference_latency": 0.00019941666666666673}