{"RMSE_loss": 2.4169843196868896, "R^2 score": -0.21296267211437225, "training_duration": 1.018631, "inference_latency": 0.00019353333333333326}