{"RMSE_loss": 6.780421733856201, "R^2 score": -7.202530384063721, "training_duration": 1.013907, "inference_latency": 0.00023643333333333338}