{"RMSE_loss": 155.71401977539062, "R^2 score": -0.5940744280815125, "training_duration": 10.116563, "inference_latency": 0.00021086666666666652}