{"RMSE_loss": 4.809202671051025, "R^2 score": -3.8754405975341797, "training_duration": 0.76109, "inference_latency": 0.00023915000000000012}