{"RMSE_loss": 159.3682098388672, "R^2 score": -0.807875394821167, "training_duration": 10.238501, "inference_latency": 0.00027469500000000015}