{"RMSE_loss": 107.60460662841797, "R^2 score": 0.29485127329826355, "training_duration": 10.323095, "inference_latency": 0.0002443100000000001}