{"RMSE_loss": 2.415440797805786, "R^2 score": -0.1611952930688858, "training_duration": 1.086028, "inference_latency": 0.00015093333333333336}