{"RMSE_loss": 2.496345043182373, "R^2 score": -0.1320953071117401, "training_duration": 1.077628, "inference_latency": 0.00020465000000000004}