{"RMSE_loss": 2.2649619579315186, "R^2 score": -0.03835335373878479, "training_duration": 11.227353, "inference_latency": 0.00025621333333333314}