{"RMSE_loss": 3.8790218830108643, "R^2 score": -2.3185067176818848, "training_duration": 0.74898, "inference_latency": 0.00023975}