{"RMSE_loss": 4.525104999542236, "R^2 score": -3.1623003482818604, "training_duration": 1.048499, "inference_latency": 0.0002683666666666666}