{"RMSE_loss": 1.4128071069717407, "R^2 score": -0.41822853684425354, "training_duration": 11.01948, "inference_latency": 0.00030450333333333334}