{"RMSE_loss": 1.4210630655288696, "R^2 score": 0.1109030693769455, "training_duration": 10.633783, "inference_latency": 0.00020474833333333314}