{"RMSE_loss": 4.40586519241333, "R^2 score": -2.6264798641204834, "training_duration": 1.111398, "inference_latency": 0.00020968333333333343}