{"RMSE_loss": 119.55144500732422, "R^2 score": 0.10257165879011154, "training_duration": 10.669803, "inference_latency": 0.00035544333333333315}