{"RMSE_loss": 2.1481516361236572, "R^2 score": 0.062235407531261444, "training_duration": 0.812377, "inference_latency": 0.00022669999999999998}