{"RMSE_loss": 3.1132068634033203, "R^2 score": -1.0209789276123047, "training_duration": 10.241474, "inference_latency": 0.00020075833333333328}