{"RMSE_loss": 101.74114990234375, "R^2 score": 0.22676590085029602, "training_duration": 10.970136, "inference_latency": 0.0003291}