{"RMSE_loss": 5.109739303588867, "R^2 score": -4.089824676513672, "training_duration": 1.051408, "inference_latency": 0.00024041666666666664}