{"RMSE_loss": 186.3033905029297, "R^2 score": -1.6087852716445923, "training_duration": 10.156239, "inference_latency": 0.00023345166666666672}