{"RMSE_loss": 201.23634338378906, "R^2 score": -1.588149070739746, "training_duration": 10.265137, "inference_latency": 0.00019281666666666648}