{"RMSE_loss": 1.9411486387252808, "R^2 score": 0.1942635476589203, "training_duration": 7.728351, "inference_latency": 0.0002499075}