{"RMSE_loss": 121.79427337646484, "R^2 score": -0.060102906078100204, "training_duration": 10.3306, "inference_latency": 0.00022337666666666635}