{"RMSE_loss": 4.944895267486572, "R^2 score": -4.103910446166992, "training_duration": 1.076884, "inference_latency": 0.00024943333333333334}