{"RMSE_loss": 4.323274612426758, "R^2 score": -6.978781700134277, "training_duration": 0.81771, "inference_latency": 0.000165825}