{"RMSE_loss": 13.798908233642578, "R^2 score": -47029.18359375, "training_duration": 10.385267, "inference_latency": 0.0001867683333333332}