{"RMSE_loss": 0.7722263336181641, "R^2 score": -2.205824136734009, "training_duration": 10.688858, "inference_latency": 0.0002019166666666667}