{"RMSE_loss": 1.2004692554473877, "R^2 score": 0.6978536248207092, "training_duration": 10.419561, "inference_latency": 0.00014787999999999962}