{"RMSE_loss": 4.488659381866455, "R^2 score": -2.9648194313049316, "training_duration": 0.850584, "inference_latency": 0.0010538499999999998}