{"RMSE_loss": 8.78975772857666, "R^2 score": -13.919224739074707, "training_duration": 1.035092, "inference_latency": 0.00019263333333333326}