{"RMSE_loss": 0.4906131625175476, "R^2 score": 0.74895840883255, "training_duration": 10.716867, "inference_latency": 0.00026629166666666625}