{"RMSE_loss": 2.0166821479797363, "R^2 score": 0.20115533471107483, "training_duration": 10.712729, "inference_latency": 0.00015121333333333322}