{"RMSE_loss": 2.512488603591919, "R^2 score": -0.12720553576946259, "training_duration": 0.791485, "inference_latency": 0.00019977499999999996}