{"RMSE_loss": 2.1782186031341553, "R^2 score": 0.06715459376573563, "training_duration": 11.000743, "inference_latency": 0.0004956616666666669}