{"RMSE_loss": 3.860398292541504, "R^2 score": -2.015775680541992, "training_duration": 8.016487, "inference_latency": 0.0002494150000000001}