{"RMSE_loss": 11.153968811035156, "R^2 score": -7512.771484375, "training_duration": 10.218986, "inference_latency": 0.0002187633333333334}