{"RMSE_loss": 5.339345455169678, "R^2 score": -4.4875102043151855, "training_duration": 1.116402, "inference_latency": 0.00020303333333333346}