{"RMSE_loss": 3.974977970123291, "R^2 score": -12.28735065460205, "training_duration": 10.740356, "inference_latency": 0.0001903899999999998}