{"RMSE_loss": 6.105164527893066, "R^2 score": -7.059992790222168, "training_duration": 1.042915, "inference_latency": 0.00020716666666666662}