{"RMSE_loss": 3.9904417991638184, "R^2 score": -1.9469854831695557, "training_duration": 1.042103, "inference_latency": 0.0002473666666666667}