{"RMSE_loss": 13.457460403442383, "R^2 score": -31.508474349975586, "training_duration": 1.048504, "inference_latency": 0.00022658333333333336}