{"RMSE_loss": 194.179931640625, "R^2 score": -1.6395542621612549, "training_duration": 11.49515, "inference_latency": 0.00039923666666666656}