{"RMSE_loss": 100.67314147949219, "R^2 score": 0.25161013007164, "training_duration": 10.756496, "inference_latency": 0.0002881966666666663}