{"RMSE_loss": 1.3764058351516724, "R^2 score": -0.1820484697818756, "training_duration": 10.515008, "inference_latency": 0.00021604499999999994}