{"RMSE_loss": 1.2437201738357544, "R^2 score": 0.6411183476448059, "training_duration": 10.481757, "inference_latency": 0.0002104883333333334}