{"RMSE_loss": 195.73252868652344, "R^2 score": -1.6274715662002563, "training_duration": 10.563052, "inference_latency": 0.00023963666666666666}