{"RMSE_loss": 4.320058822631836, "R^2 score": -2.470078945159912, "training_duration": 12.691036, "inference_latency": 0.0014921033333333321}