{"RMSE_loss": 8.552681922912598, "R^2 score": -11.17870044708252, "training_duration": 0.79718, "inference_latency": 0.00021837499999999998}