{"RMSE_loss": 2.868007183074951, "R^2 score": -0.7214040160179138, "training_duration": 0.776685, "inference_latency": 0.0002693750000000001}