{"RMSE_loss": 5.501183986663818, "R^2 score": -4.000585556030273, "training_duration": 0.786951, "inference_latency": 0.000269775}