{"RMSE_loss": 125.79462432861328, "R^2 score": -0.11487538367509842, "training_duration": 10.241395, "inference_latency": 0.00018828499999999992}