{"RMSE_loss": 133.3004150390625, "R^2 score": -0.14343586564064026, "training_duration": 10.115352, "inference_latency": 0.00015015333333333314}