{"RMSE_loss": 205.08364868164062, "R^2 score": -1.5099663734436035, "training_duration": 1.230599, "inference_latency": 0.00014535}