{"RMSE_loss": 4.250024318695068, "R^2 score": -2.1393914222717285, "training_duration": 0.774473, "inference_latency": 0.0003106249999999999}