{"RMSE_loss": 5.461014270782471, "R^2 score": -4.233361721038818, "training_duration": 0.785521, "inference_latency": 0.00029822499999999994}