{"RMSE_loss": 3.6681137084960938, "R^2 score": -1.53174889087677, "training_duration": 11.438348, "inference_latency": 0.0008951416666666669}