{"RMSE_loss": 1.606101155281067, "R^2 score": 0.4291098117828369, "training_duration": 14.286757, "inference_latency": 0.0014704516666666668}