{"RMSE_loss": 200.0508270263672, "R^2 score": -1.670038104057312, "training_duration": 10.348056, "inference_latency": 0.0002539499999999999}