{"RMSE_loss": 5.352468490600586, "R^2 score": -4.799222946166992, "training_duration": 7.917063, "inference_latency": 0.0002394375000000002}