{"RMSE_loss": 148.16172790527344, "R^2 score": -0.5356958508491516, "training_duration": 10.183121, "inference_latency": 0.00022380500000000002}