{"RMSE_loss": 9.212185859680176, "R^2 score": -13.891369819641113, "training_duration": 0.775374, "inference_latency": 0.00021197499999999993}