{"RMSE_loss": 1.4279847145080566, "R^2 score": -0.12253876775503159, "training_duration": 10.667798, "inference_latency": 0.0002891183333333331}