{"RMSE_loss": 5.312436580657959, "R^2 score": -4.208057880401611, "training_duration": 1.049365, "inference_latency": 0.00020103333333333333}