{"RMSE_loss": 3.4149107933044434, "R^2 score": -1.2683603763580322, "training_duration": 1.041169, "inference_latency": 0.0002199333333333333}