{"RMSE_loss": 4.306042671203613, "R^2 score": -2.517911195755005, "training_duration": 11.661477, "inference_latency": 0.000830373333333333}