{"RMSE_loss": 4.378426551818848, "R^2 score": -2.715070962905884, "training_duration": 0.802614, "inference_latency": 0.00023585000000000004}