{"RMSE_loss": 2.2188382148742676, "R^2 score": -0.09422928839921951, "training_duration": 7.915387, "inference_latency": 0.00024582750000000007}