{"RMSE_loss": 4.244708061218262, "R^2 score": -2.1994845867156982, "training_duration": 1.024096, "inference_latency": 0.0002478666666666667}