{"RMSE_loss": 4.308409214019775, "R^2 score": -2.6345252990722656, "training_duration": 0.849666, "inference_latency": 0.0005899499999999999}