{"RMSE_loss": 1.1681584119796753, "R^2 score": -1.233836054801941, "training_duration": 10.475286, "inference_latency": 0.00019544833333333346}