{"RMSE_loss": 10.530736923217773, "R^2 score": -19.409334182739258, "training_duration": 1.093348, "inference_latency": 0.00014429999999999998}