{"RMSE_loss": 135.2873077392578, "R^2 score": -0.19049251079559326, "training_duration": 11.511244, "inference_latency": 0.0003179483333333334}