{"RMSE_loss": 203.53712463378906, "R^2 score": -1.5710909366607666, "training_duration": 1.130256, "inference_latency": 0.00024983333333333335}