{"RMSE_loss": 4.758920192718506, "R^2 score": -3.1721079349517822, "training_duration": 1.124911, "inference_latency": 0.00041459999999999994}