{"RMSE_loss": 190.35789489746094, "R^2 score": -1.4529380798339844, "training_duration": 10.598862, "inference_latency": 0.0002600750000000004}