{"RMSE_loss": 3.6494245529174805, "R^2 score": -1.7955583333969116, "training_duration": 1.059707, "inference_latency": 0.00023310000000000003}