{"RMSE_loss": 2.083317279815674, "R^2 score": 0.15468376874923706, "training_duration": 10.934332, "inference_latency": 0.00024920666666666656}