{"RMSE_loss": 5.453575611114502, "R^2 score": -4.263620853424072, "training_duration": 0.764109, "inference_latency": 0.0002313500000000001}