{"RMSE_loss": 4.945148468017578, "R^2 score": -3.25946044921875, "training_duration": 0.77472, "inference_latency": 0.00027170000000000004}