{"RMSE_loss": 2.889026165008545, "R^2 score": -0.43064063787460327, "training_duration": 0.775699, "inference_latency": 0.00023534999999999992}