{"RMSE_loss": 1.6406384706497192, "R^2 score": 0.4505751430988312, "training_duration": 11.028401, "inference_latency": 0.00022827666666666666}