{"RMSE_loss": 108.97059631347656, "R^2 score": 0.26899364590644836, "training_duration": 10.765546, "inference_latency": 0.0002065149999999999}