{"RMSE_loss": 0.49528446793556213, "R^2 score": 0.7547717094421387, "training_duration": 10.771652, "inference_latency": 0.0002711700000000001}