{"RMSE_loss": 1.3846137523651123, "R^2 score": -0.2503822445869446, "training_duration": 10.331028, "inference_latency": 0.00018478833333333334}