{"RMSE_loss": 200.26260375976562, "R^2 score": -1.4761968851089478, "training_duration": 10.365257, "inference_latency": 0.0001763933333333333}