{"RMSE_loss": 2.0722885131835938, "R^2 score": 0.15715838968753815, "training_duration": 11.231266, "inference_latency": 0.00023796666666666647}