{"RMSE_loss": 2.1289377212524414, "R^2 score": 0.1249598041176796, "training_duration": 10.414661, "inference_latency": 0.0002316733333333334}