{"RMSE_loss": 3.925126552581787, "R^2 score": -1.888973593711853, "training_duration": 0.753738, "inference_latency": 0.0002759500000000001}