{"RMSE_loss": 4.588171482086182, "R^2 score": -2.476724624633789, "training_duration": 0.842725, "inference_latency": 0.00025275000000000004}