{"RMSE_loss": 1.4826889038085938, "R^2 score": -1.2051583528518677, "training_duration": 10.446415, "inference_latency": 0.00023794499999999977}