{"RMSE_loss": 4.418708324432373, "R^2 score": -2.6599719524383545, "training_duration": 1.040716, "inference_latency": 0.00019745000000000003}