{"RMSE_loss": 199.94212341308594, "R^2 score": -1.6618046760559082, "training_duration": 10.574972, "inference_latency": 0.00026797999999999986}