{"RMSE_loss": 0.5452303290367126, "R^2 score": 0.6040331721305847, "training_duration": 10.564706, "inference_latency": 0.0002293333333333336}