{"RMSE_loss": 2.478818655014038, "R^2 score": -0.07188393175601959, "training_duration": 1.09534, "inference_latency": 0.0002315333333333334}