{"RMSE_loss": 1.2490719556808472, "R^2 score": 0.40934568643569946, "training_duration": 10.27499, "inference_latency": 0.00022062666666666648}