{"RMSE_loss": 194.1710662841797, "R^2 score": -1.6808819770812988, "training_duration": 10.55389, "inference_latency": 0.00026764833333333326}