{"RMSE_loss": 1.0746370553970337, "R^2 score": -0.09532766044139862, "training_duration": 10.827982, "inference_latency": 0.00029776}