{"RMSE_loss": 5.257447242736816, "R^2 score": -3.9940240383148193, "training_duration": 1.073433, "inference_latency": 0.00018976666666666663}