{"RMSE_loss": 2.9676454067230225, "R^2 score": -0.4660775065422058, "training_duration": 0.757694, "inference_latency": 0.000262775}