{"RMSE_loss": 2.8490025997161865, "R^2 score": -0.6171621084213257, "training_duration": 1.035412, "inference_latency": 0.00022218333333333336}