{"RMSE_loss": 1.4862627983093262, "R^2 score": -0.12973880767822266, "training_duration": 10.466643, "inference_latency": 0.00021107166666666625}