{"RMSE_loss": 5.132829666137695, "R^2 score": -3.776576519012451, "training_duration": 1.077814, "inference_latency": 0.00019653333333333328}