{"RMSE_loss": 1.3796534538269043, "R^2 score": -0.04669730365276337, "training_duration": 10.390391, "inference_latency": 0.0001515516666666668}