{"RMSE_loss": 5.215836524963379, "R^2 score": -4.06683874130249, "training_duration": 1.058274, "inference_latency": 0.0001846333333333333}