{"RMSE_loss": 2.0770978927612305, "R^2 score": 0.12332592904567719, "training_duration": 7.601867, "inference_latency": 0.00026074999999999975}