{"RMSE_loss": 200.79718017578125, "R^2 score": -1.5940626859664917, "training_duration": 1.192341, "inference_latency": 0.0009557499999999997}