{"RMSE_loss": 5.752018451690674, "R^2 score": -5.222221374511719, "training_duration": 1.057963, "inference_latency": 0.00013761666666666663}