{"RMSE_loss": 110.3117446899414, "R^2 score": 0.11664748191833496, "training_duration": 10.542681, "inference_latency": 0.0002535600000000004}