{"RMSE_loss": 1.299643874168396, "R^2 score": 0.6357288360595703, "training_duration": 10.494018, "inference_latency": 0.0002861916666666668}