{"RMSE_loss": 110.43421936035156, "R^2 score": 0.21569335460662842, "training_duration": 10.492292, "inference_latency": 0.0002646850000000001}