{"RMSE_loss": 5.181368350982666, "R^2 score": -4.334605693817139, "training_duration": 1.063216, "inference_latency": 0.00022758333333333325}