{"RMSE_loss": 3.604172706604004, "R^2 score": -1.4107532501220703, "training_duration": 1.05995, "inference_latency": 0.00021586666666666658}