{"RMSE_loss": 202.36883544921875, "R^2 score": -1.6519488096237183, "training_duration": 10.554981, "inference_latency": 0.00020318166666666643}