{"RMSE_loss": 1.1992043256759644, "R^2 score": -3.4905638694763184, "training_duration": 10.262217, "inference_latency": 0.0001994200000000001}