{"RMSE_loss": 2.887014627456665, "R^2 score": -0.6814225912094116, "training_duration": 1.058232, "inference_latency": 0.0002252}