{"RMSE_loss": 143.8931884765625, "R^2 score": -0.30470240116119385, "training_duration": 10.273473, "inference_latency": 0.00021424666666666672}