{"RMSE_loss": 3.464984178543091, "R^2 score": -1.4715063571929932, "training_duration": 0.785352, "inference_latency": 0.0002981250000000001}