{"RMSE_loss": 4.9037251472473145, "R^2 score": -3.265479326248169, "training_duration": 1.077566, "inference_latency": 0.0001960666666666667}