{"RMSE_loss": 167.4347381591797, "R^2 score": -0.7803332805633545, "training_duration": 10.157715, "inference_latency": 0.0001995183333333331}