{"RMSE_loss": 4.121091365814209, "R^2 score": -2.0288829803466797, "training_duration": 1.072424, "inference_latency": 0.0001952333333333333}