{"RMSE_loss": 2.639601469039917, "R^2 score": -0.4428825080394745, "training_duration": 7.923993, "inference_latency": 0.00022086750000000017}