{"RMSE_loss": 100.08320617675781, "R^2 score": 0.2789578139781952, "training_duration": 10.317144, "inference_latency": 0.00022142833333333334}