{"RMSE_loss": 122.82747650146484, "R^2 score": -0.1684470772743225, "training_duration": 10.477692, "inference_latency": 0.00022948666666666669}