{"RMSE_loss": 1.3463131189346313, "R^2 score": 0.022096537053585052, "training_duration": 10.602091, "inference_latency": 0.0002948600000000002}