{"RMSE_loss": 3.805342435836792, "R^2 score": -1.8687916994094849, "training_duration": 1.045513, "inference_latency": 0.00024288333333333335}