{"RMSE_loss": 3.7788825035095215, "R^2 score": -1.6978681087493896, "training_duration": 1.059495, "inference_latency": 0.0002597}