{"RMSE_loss": 4.395514488220215, "R^2 score": -2.7852301597595215, "training_duration": 0.923419, "inference_latency": 0.0009259000000000001}