{"RMSE_loss": 4.573083400726318, "R^2 score": -3.167731761932373, "training_duration": 0.827844, "inference_latency": 0.00077765}