{"RMSE_loss": 2.6203768253326416, "R^2 score": -2.761094570159912, "training_duration": 10.836251, "inference_latency": 0.0002579416666666666}