{"RMSE_loss": 123.75348663330078, "R^2 score": -0.10140450298786163, "training_duration": 10.589024, "inference_latency": 0.0002686483333333336}