{"RMSE_loss": 0.6148524880409241, "R^2 score": 0.5169774889945984, "training_duration": 10.790343, "inference_latency": 0.00029344166666666683}