{"RMSE_loss": 4.791830539703369, "R^2 score": -4.469626426696777, "training_duration": 0.756754, "inference_latency": 0.00023704999999999993}