{"RMSE_loss": 4.1741485595703125, "R^2 score": -2.3769493103027344, "training_duration": 0.825172, "inference_latency": 0.00036615}