{"RMSE_loss": 195.5813446044922, "R^2 score": -1.6673262119293213, "training_duration": 10.701837, "inference_latency": 0.00028530833333333355}