{"RMSE_loss": 3.7232320308685303, "R^2 score": -1.4243663549423218, "training_duration": 1.078051, "inference_latency": 0.00021426666666666665}