{"RMSE_loss": 3.2862794399261475, "R^2 score": -1.150336503982544, "training_duration": 1.346401, "inference_latency": 0.00023733333333333332}