{"RMSE_loss": 3.5626378059387207, "R^2 score": -1.3064439296722412, "training_duration": 0.774119, "inference_latency": 0.00023695}