{"RMSE_loss": 3.1501059532165527, "R^2 score": -0.9416868686676025, "training_duration": 1.035947, "inference_latency": 0.0001414166666666667}