{"RMSE_loss": 151.5908660888672, "R^2 score": -0.5135310292243958, "training_duration": 10.196932, "inference_latency": 0.0001380766666666667}