{"RMSE_loss": 108.56600189208984, "R^2 score": 0.11944659054279327, "training_duration": 10.852672, "inference_latency": 0.00027331000000000013}