{"RMSE_loss": 5.084987163543701, "R^2 score": -3.5091731548309326, "training_duration": 1.088126, "inference_latency": 0.00028441666666666665}