{"RMSE_loss": 8.527399063110352, "R^2 score": -11.606836318969727, "training_duration": 0.779067, "inference_latency": 0.00024844999999999994}