{"RMSE_loss": 206.08421325683594, "R^2 score": -1.5079842805862427, "training_duration": 1.11333, "inference_latency": 0.00020250000000000002}