{"RMSE_loss": 194.11561584472656, "R^2 score": -1.608365535736084, "training_duration": 10.329038, "inference_latency": 0.00025296499999999974}