{"RMSE_loss": 1.7329193353652954, "R^2 score": -245.01246643066406, "training_duration": 10.478855, "inference_latency": 0.00025486833333333343}