{"RMSE_loss": 4.397761344909668, "R^2 score": -2.3866403102874756, "training_duration": 1.096549, "inference_latency": 0.0001992999999999999}