{"RMSE_loss": 196.05982971191406, "R^2 score": -1.675775408744812, "training_duration": 10.56347, "inference_latency": 0.00024370833333333295}