{"RMSE_loss": 6.8357744216918945, "R^2 score": -11.123225212097168, "training_duration": 1.106414, "inference_latency": 0.0001578666666666667}