{"RMSE_loss": 4.846323490142822, "R^2 score": -3.248436450958252, "training_duration": 1.082909, "inference_latency": 0.00023526666666666668}