{"RMSE_loss": 7.011534690856934, "R^2 score": -2438.341552734375, "training_duration": 11.075503, "inference_latency": 0.00019433666666666648}