{"RMSE_loss": 4.385895729064941, "R^2 score": -2.4071202278137207, "training_duration": 0.779237, "inference_latency": 0.00030452500000000004}