{"RMSE_loss": 192.83766174316406, "R^2 score": -1.5929709672927856, "training_duration": 10.510394, "inference_latency": 0.00023324499999999984}