{"RMSE_loss": 3.2361862659454346, "R^2 score": -0.844386100769043, "training_duration": 0.751925, "inference_latency": 0.00023415000000000003}