{"RMSE_loss": 2.173666477203369, "R^2 score": 0.06293340772390366, "training_duration": 10.377398, "inference_latency": 0.00018176}