{"RMSE_loss": 4.283044815063477, "R^2 score": -2.598740816116333, "training_duration": 0.820112, "inference_latency": 0.00056175}