{"RMSE_loss": 108.41261291503906, "R^2 score": 0.12247972935438156, "training_duration": 10.178246, "inference_latency": 0.00022715999999999982}