{"RMSE_loss": 107.27288818359375, "R^2 score": 0.18027544021606445, "training_duration": 10.133002, "inference_latency": 0.00020970666666666652}