{"RMSE_loss": 3.18558931350708, "R^2 score": -0.9976872801780701, "training_duration": 10.887873, "inference_latency": 0.0005212083333333337}