{"RMSE_loss": 1.2902452945709229, "R^2 score": 0.6476736664772034, "training_duration": 10.48231, "inference_latency": 0.00027930833333333324}