{"RMSE_loss": 5.183401107788086, "R^2 score": -4.2413554191589355, "training_duration": 1.054145, "inference_latency": 0.00015011666666666664}