{"RMSE_loss": 4.310475826263428, "R^2 score": -2.5984864234924316, "training_duration": 1.030524, "inference_latency": 0.00018051666666666673}