{"RMSE_loss": 0.7309656143188477, "R^2 score": -30.64534568786621, "training_duration": 10.809263, "inference_latency": 0.0002914333333333332}