{"RMSE_loss": 3.921616792678833, "R^2 score": -1.8969312906265259, "training_duration": 0.774404, "inference_latency": 0.00028422500000000004}