{"RMSE_loss": 2.213853597640991, "R^2 score": -0.393515944480896, "training_duration": 10.978205, "inference_latency": 0.0001803149999999999}