{"RMSE_loss": 2.431546926498413, "R^2 score": -0.12744957208633423, "training_duration": 10.517071, "inference_latency": 0.0002643233333333334}