{"RMSE_loss": 2.3289947509765625, "R^2 score": -0.19069789350032806, "training_duration": 7.954191, "inference_latency": 0.0002914174999999999}