{"RMSE_loss": 113.43289184570312, "R^2 score": 0.1010957881808281, "training_duration": 10.495493, "inference_latency": 0.0002287816666666666}