{"RMSE_loss": 3.000040054321289, "R^2 score": -0.5808491706848145, "training_duration": 0.838707, "inference_latency": 0.0002613250000000001}