{"RMSE_loss": 3.668121814727783, "R^2 score": -1.493161678314209, "training_duration": 1.083279, "inference_latency": 0.00022496666666666667}