{"RMSE_loss": 5.095463752746582, "R^2 score": -3.302122116088867, "training_duration": 0.780583, "inference_latency": 0.0002279}