{"RMSE_loss": 3.8229455947875977, "R^2 score": -1.9522178173065186, "training_duration": 1.055821, "inference_latency": 0.00018465000000000004}