{"RMSE_loss": 4.2991557121276855, "R^2 score": -2.6712660789489746, "training_duration": 0.903019, "inference_latency": 0.000862025}