{"RMSE_loss": 1.5066072940826416, "R^2 score": -0.9229581952095032, "training_duration": 10.670632, "inference_latency": 0.00018844499999999992}