{"RMSE_loss": 130.7948760986328, "R^2 score": -0.03534514456987381, "training_duration": 10.598855, "inference_latency": 0.00021098500000000001}