{"RMSE_loss": 1.444804310798645, "R^2 score": -0.5035434365272522, "training_duration": 11.090176, "inference_latency": 0.00021032000000000014}