{"RMSE_loss": 1.411400318145752, "R^2 score": 0.1613016575574875, "training_duration": 10.963472, "inference_latency": 0.00017517833333333347}