{"RMSE_loss": 127.36296844482422, "R^2 score": -0.1923990100622177, "training_duration": 10.416593, "inference_latency": 0.0002634833333333332}