{"RMSE_loss": 2.841024160385132, "R^2 score": -1.0074183940887451, "training_duration": 7.90782, "inference_latency": 0.00031827}