{"RMSE_loss": 1.3631799221038818, "R^2 score": -0.004907371010631323, "training_duration": 10.562805, "inference_latency": 0.00029020333333333343}