{"RMSE_loss": 2.5383734703063965, "R^2 score": -0.26365482807159424, "training_duration": 0.983613, "inference_latency": 0.00013584999999999997}