{"RMSE_loss": 2.143213987350464, "R^2 score": 0.06789344549179077, "training_duration": 7.898831, "inference_latency": 0.00021778749999999992}