{"RMSE_loss": 6.03622579574585, "R^2 score": -5.3729329109191895, "training_duration": 0.79642, "inference_latency": 0.00023385}