{"RMSE_loss": 3.331542491912842, "R^2 score": -1.1047993898391724, "training_duration": 1.060505, "inference_latency": 0.00025715}