{"RMSE_loss": 2.8340723514556885, "R^2 score": -0.6550473570823669, "training_duration": 7.732435, "inference_latency": 0.0002691825}