{"RMSE_loss": 5.411645412445068, "R^2 score": -4.241055011749268, "training_duration": 1.092178, "inference_latency": 0.00020905}