{"RMSE_loss": 201.49293518066406, "R^2 score": -1.5594961643218994, "training_duration": 10.993354, "inference_latency": 0.0002410999999999997}