{"RMSE_loss": 102.56358337402344, "R^2 score": 0.2176429033279419, "training_duration": 10.611684, "inference_latency": 0.0002561033333333335}