{"RMSE_loss": 3.8013317584991455, "R^2 score": -1.9936176538467407, "training_duration": 0.757211, "inference_latency": 0.00031997500000000007}