{"RMSE_loss": 2.2559447288513184, "R^2 score": -0.018952626734972, "training_duration": 1.030063, "inference_latency": 0.00021143333333333342}