{"RMSE_loss": 189.2733917236328, "R^2 score": -1.3423787355422974, "training_duration": 10.38967, "inference_latency": 0.00019232666666666668}