{"RMSE_loss": 5.092973232269287, "R^2 score": -3.5601444244384766, "training_duration": 0.811866, "inference_latency": 0.000292275}