{"RMSE_loss": 145.07130432128906, "R^2 score": -0.4798858165740967, "training_duration": 10.629003, "inference_latency": 0.0002487466666666666}