{"RMSE_loss": 200.12815856933594, "R^2 score": -1.5423520803451538, "training_duration": 10.348841, "inference_latency": 0.00016447166666666669}