{"RMSE_loss": 3.428656816482544, "R^2 score": -1.3651583194732666, "training_duration": 1.045182, "inference_latency": 0.0001747833333333333}