{"RMSE_loss": 4.585450172424316, "R^2 score": -2.6768507957458496, "training_duration": 0.766684, "inference_latency": 0.00026225}