{"RMSE_loss": 3.059911012649536, "R^2 score": -0.7675936818122864, "training_duration": 1.098394, "inference_latency": 0.00017875000000000004}