{"RMSE_loss": 1.585313081741333, "R^2 score": -0.3796355128288269, "training_duration": 10.308232, "inference_latency": 0.0002863700000000001}