{"RMSE_loss": 4.356474876403809, "R^2 score": -2.5083367824554443, "training_duration": 1.048767, "inference_latency": 0.00016043333333333338}