{"RMSE_loss": 3.5167081356048584, "R^2 score": -1.6342765092849731, "training_duration": 1.077692, "inference_latency": 0.00018588333333333337}