{"RMSE_loss": 4.55578088760376, "R^2 score": -2.775343894958496, "training_duration": 1.076415, "inference_latency": 0.0002446833333333333}