{"RMSE_loss": 110.06360626220703, "R^2 score": 0.25788843631744385, "training_duration": 10.433665, "inference_latency": 0.0002090949999999998}