{"RMSE_loss": 11.50706672668457, "R^2 score": -22.832111358642578, "training_duration": 0.787997, "inference_latency": 0.00027632499999999995}