{"RMSE_loss": 4.546159744262695, "R^2 score": -4.035870552062988, "training_duration": 10.870838, "inference_latency": 0.00020816000000000007}