{"RMSE_loss": 2.4145145416259766, "R^2 score": -0.12857858836650848, "training_duration": 10.276202, "inference_latency": 0.0002267183333333335}