{"RMSE_loss": 125.5701675415039, "R^2 score": -0.07478196918964386, "training_duration": 10.132098, "inference_latency": 0.00018672999999999997}