{"RMSE_loss": 112.1064682006836, "R^2 score": 0.1658772975206375, "training_duration": 10.44473, "inference_latency": 0.00019926999999999974}