{"RMSE_loss": 4.675112724304199, "R^2 score": -2.7916946411132812, "training_duration": 1.012539, "inference_latency": 0.00020971666666666668}