{"RMSE_loss": 1.6388664245605469, "R^2 score": -0.7233554720878601, "training_duration": 10.843732, "inference_latency": 0.00025308666666666656}