{"RMSE_loss": 3.207960844039917, "R^2 score": -1.3914437294006348, "training_duration": 7.80468, "inference_latency": 0.0003032299999999999}