{"RMSE_loss": 2.428567409515381, "R^2 score": -0.042612746357917786, "training_duration": 0.783522, "inference_latency": 0.00025174999999999997}