{"RMSE_loss": 4.710216999053955, "R^2 score": -2.897918224334717, "training_duration": 0.747436, "inference_latency": 0.00026004999999999995}