{"RMSE_loss": 1.768676519393921, "R^2 score": 0.32310235500335693, "training_duration": 11.92603, "inference_latency": 0.000624463333333334}