{"RMSE_loss": 4.464947700500488, "R^2 score": -2.922755002975464, "training_duration": 0.817989, "inference_latency": 0.0005876}