{"RMSE_loss": 190.84373474121094, "R^2 score": -1.5559710264205933, "training_duration": 10.147443, "inference_latency": 0.0002254283333333336}