{"RMSE_loss": 4.402825355529785, "R^2 score": -2.5810019969940186, "training_duration": 1.132726, "inference_latency": 0.00018541666666666666}