{"RMSE_loss": 146.08758544921875, "R^2 score": -0.4589179456233978, "training_duration": 11.41994, "inference_latency": 0.00029249666666666686}