{"RMSE_loss": 2.430546998977661, "R^2 score": -0.2025078386068344, "training_duration": 10.583944, "inference_latency": 0.0002518033333333332}