{"RMSE_loss": 2.180955410003662, "R^2 score": 0.08373544365167618, "training_duration": 10.627755, "inference_latency": 0.00024925833333333314}