{"RMSE_loss": 4.481466770172119, "R^2 score": -2.942911386489868, "training_duration": 0.771465, "inference_latency": 0.00036839999999999996}