{"RMSE_loss": 1.4005366563796997, "R^2 score": -0.07976707071065903, "training_duration": 10.379947, "inference_latency": 0.00020578499999999991}