{"RMSE_loss": 3.993015766143799, "R^2 score": -1.9858946800231934, "training_duration": 1.074839, "inference_latency": 0.00024646666666666657}