{"RMSE_loss": 3.723912000656128, "R^2 score": -1.337022066116333, "training_duration": 0.771585, "inference_latency": 0.000268825}