{"RMSE_loss": 3.6652333736419678, "R^2 score": -1.4972083568572998, "training_duration": 1.065845, "inference_latency": 0.00017626666666666668}