{"RMSE_loss": 9.414860725402832, "R^2 score": -17.465587615966797, "training_duration": 0.756411, "inference_latency": 0.00020972500000000007}