{"RMSE_loss": 207.52902221679688, "R^2 score": -1.5016251802444458, "training_duration": 1.191434, "inference_latency": 0.0005051499999999999}