{"RMSE_loss": 1.319623589515686, "R^2 score": 0.6454856395721436, "training_duration": 10.902539, "inference_latency": 0.0002082450000000003}