{"RMSE_loss": 109.63093566894531, "R^2 score": 0.2502967417240143, "training_duration": 11.437462, "inference_latency": 0.000315461666666667}