{"RMSE_loss": 1.3084968328475952, "R^2 score": 0.6475164890289307, "training_duration": 11.158646, "inference_latency": 0.00038891499999999966}