{"RMSE_loss": 6.606473445892334, "R^2 score": -6.823817729949951, "training_duration": 1.020908, "inference_latency": 0.00023815000000000002}