{"RMSE_loss": 2.4328720569610596, "R^2 score": -0.10620714724063873, "training_duration": 1.013949, "inference_latency": 0.00023026666666666663}