{"RMSE_loss": 4.4436726570129395, "R^2 score": -2.590380907058716, "training_duration": 1.033072, "inference_latency": 0.00022613333333333332}