{"RMSE_loss": 8.056893348693848, "R^2 score": -25005.271484375, "training_duration": 11.057265, "inference_latency": 0.00020674833333333344}