{"RMSE_loss": 1.1947354078292847, "R^2 score": -0.72955721616745, "training_duration": 10.925551, "inference_latency": 0.00036333333333333335}