{"RMSE_loss": 1.3519690036773682, "R^2 score": 0.0029517975635826588, "training_duration": 10.758536, "inference_latency": 0.00026314999999999965}