{"RMSE_loss": 2.174098491668701, "R^2 score": -0.014839952811598778, "training_duration": 0.819826, "inference_latency": 0.00044582499999999995}