{"RMSE_loss": 7.797104835510254, "R^2 score": -9.630437850952148, "training_duration": 0.779281, "inference_latency": 0.000225275}