{"RMSE_loss": 2.1454696655273438, "R^2 score": 0.08762967586517334, "training_duration": 12.528125, "inference_latency": 0.0009897833333333355}