{"RMSE_loss": 114.00619506835938, "R^2 score": 0.14116130769252777, "training_duration": 10.859179, "inference_latency": 0.00025521833333333325}