{"RMSE_loss": 106.89491271972656, "R^2 score": 0.21024666726589203, "training_duration": 10.407853, "inference_latency": 0.00025344833333333324}