{"RMSE_loss": 111.81950378417969, "R^2 score": 0.25743240118026733, "training_duration": 10.66186, "inference_latency": 0.00022140000000000015}