{"RMSE_loss": 0.5944175720214844, "R^2 score": 0.1944495588541031, "training_duration": 10.488757, "inference_latency": 0.0002746100000000003}