{"RMSE_loss": 1.2345064878463745, "R^2 score": 0.6866253018379211, "training_duration": 10.814705, "inference_latency": 0.00020061499999999994}