{"RMSE_loss": 10.389212608337402, "R^2 score": -20.822587966918945, "training_duration": 1.04061, "inference_latency": 0.00014128333333333337}