{"RMSE_loss": 1.750671625137329, "R^2 score": 0.4038601815700531, "training_duration": 11.297487, "inference_latency": 0.000516378333333333}