{"RMSE_loss": 1.3943665027618408, "R^2 score": 0.22930537164211273, "training_duration": 10.346368, "inference_latency": 0.00019944666666666676}