{"RMSE_loss": 4.189746379852295, "R^2 score": -2.048410415649414, "training_duration": 0.790629, "inference_latency": 0.000238925}