{"RMSE_loss": 196.86509704589844, "R^2 score": -1.6209068298339844, "training_duration": 10.286745, "inference_latency": 0.0002692566666666666}