{"RMSE_loss": 149.2978973388672, "R^2 score": -0.48128291964530945, "training_duration": 10.556068, "inference_latency": 0.000183645}