{"RMSE_loss": 201.02272033691406, "R^2 score": -1.6913584470748901, "training_duration": 1.081195, "inference_latency": 0.00016026666666666667}