{"RMSE_loss": 2.1344804763793945, "R^2 score": 0.13533931970596313, "training_duration": 0.814632, "inference_latency": 0.00023280000000000002}