{"RMSE_loss": 4.5743727684021, "R^2 score": -3.1358513832092285, "training_duration": 0.8867, "inference_latency": 0.0008423}