{"RMSE_loss": 1.0832704305648804, "R^2 score": -0.18598483502864838, "training_duration": 10.394349, "inference_latency": 0.0002275499999999997}