{"RMSE_loss": 3.976381301879883, "R^2 score": -1.8185688257217407, "training_duration": 0.74907, "inference_latency": 0.00020600000000000002}