{"RMSE_loss": 200.76678466796875, "R^2 score": -1.59406578540802, "training_duration": 10.378321, "inference_latency": 0.00020670666666666656}