{"RMSE_loss": 1.7445584535598755, "R^2 score": 0.29125073552131653, "training_duration": 13.529426, "inference_latency": 0.0010405149999999997}