{"RMSE_loss": 0.5335946679115295, "R^2 score": 0.6912051439285278, "training_duration": 10.504859, "inference_latency": 0.00028663}