{"RMSE_loss": 15.963998794555664, "R^2 score": -51.0185432434082, "training_duration": 1.029755, "inference_latency": 0.00018711666666666664}