{"RMSE_loss": 0.8588511347770691, "R^2 score": 0.33837106823921204, "training_duration": 10.315519, "inference_latency": 0.00022871333333333345}