{"RMSE_loss": 2.5889530181884766, "R^2 score": -0.11645512282848358, "training_duration": 0.80637, "inference_latency": 0.00021327499999999997}