{"RMSE_loss": 5.160134315490723, "R^2 score": -4.15627908706665, "training_duration": 1.051478, "inference_latency": 0.0001314166666666667}