{"RMSE_loss": 193.02471923828125, "R^2 score": -1.435731053352356, "training_duration": 10.427019, "inference_latency": 0.00016260500000000005}