{"RMSE_loss": 1.0740842819213867, "R^2 score": -0.07385051250457764, "training_duration": 11.221893, "inference_latency": 0.000314623333333333}