{"RMSE_loss": 0.48443135619163513, "R^2 score": 0.7521426677703857, "training_duration": 10.665358, "inference_latency": 0.00029529666666666644}