{"RMSE_loss": 3.2792060375213623, "R^2 score": -0.9079203605651855, "training_duration": 0.76908, "inference_latency": 0.00026339999999999995}