{"RMSE_loss": 2.0196056365966797, "R^2 score": 0.20345251262187958, "training_duration": 10.662668, "inference_latency": 0.0003503150000000001}