{"RMSE_loss": 2.3187031745910645, "R^2 score": -0.1650932878255844, "training_duration": 0.754663, "inference_latency": 0.00018355000000000002}