{"RMSE_loss": 1.3483830690383911, "R^2 score": 0.013744601979851723, "training_duration": 10.717612, "inference_latency": 0.0002996949999999997}