{"RMSE_loss": 3.184798240661621, "R^2 score": -0.8239704370498657, "training_duration": 0.857283, "inference_latency": 0.000423275}