{"RMSE_loss": 4.3182806968688965, "R^2 score": -2.3936047554016113, "training_duration": 1.051831, "inference_latency": 0.00016881666666666669}