{"RMSE_loss": 5.576431751251221, "R^2 score": -4.805420398712158, "training_duration": 1.040675, "inference_latency": 0.00018556666666666671}