{"RMSE_loss": 103.85757446289062, "R^2 score": 0.2075023651123047, "training_duration": 10.387932, "inference_latency": 0.00021206166666666685}