{"RMSE_loss": 4.520726203918457, "R^2 score": -2.9958484172821045, "training_duration": 0.824685, "inference_latency": 0.000707325}