{"RMSE_loss": 3.1748852729797363, "R^2 score": -0.8399227857589722, "training_duration": 0.753788, "inference_latency": 0.00024805}