{"RMSE_loss": 7.622235298156738, "R^2 score": -10.446057319641113, "training_duration": 1.030469, "inference_latency": 0.00014023333333333332}