{"RMSE_loss": 9.15876293182373, "R^2 score": -14.563858032226562, "training_duration": 1.102151, "inference_latency": 0.00017153333333333335}