{"RMSE_loss": 3.909072160720825, "R^2 score": -1.7036621570587158, "training_duration": 0.780577, "inference_latency": 0.00020400000000000005}