{"RMSE_loss": 3.5169148445129395, "R^2 score": -1.154089093208313, "training_duration": 0.801912, "inference_latency": 0.00023774999999999998}