{"RMSE_loss": 3.0980348587036133, "R^2 score": -1.752694010734558, "training_duration": 1.041439, "inference_latency": 0.00014155}