{"RMSE_loss": 204.87594604492188, "R^2 score": -1.5566093921661377, "training_duration": 1.061346, "inference_latency": 0.00016656666666666666}