{"RMSE_loss": 9.238283157348633, "R^2 score": -14.75036334991455, "training_duration": 1.074753, "inference_latency": 0.00017861666666666665}