{"RMSE_loss": 5.049066543579102, "R^2 score": -3.88263201713562, "training_duration": 1.044206, "inference_latency": 0.00022695000000000001}