{"RMSE_loss": 2.1817994117736816, "R^2 score": 0.02589607611298561, "training_duration": 11.507582, "inference_latency": 0.00024321000000000013}