{"RMSE_loss": 2.1234610080718994, "R^2 score": 0.09708689153194427, "training_duration": 0.803035, "inference_latency": 0.00021055000000000002}