{"RMSE_loss": 139.02960205078125, "R^2 score": -0.39591577649116516, "training_duration": 10.610679, "inference_latency": 0.0002824233333333334}