{"RMSE_loss": 128.44358825683594, "R^2 score": -0.2489386945962906, "training_duration": 10.219327, "inference_latency": 0.0002747766666666667}