{"RMSE_loss": 2.544161558151245, "R^2 score": -0.3779703974723816, "training_duration": 10.429052, "inference_latency": 0.0002814433333333334}