{"RMSE_loss": 1.2663615942001343, "R^2 score": 0.642324686050415, "training_duration": 11.352511, "inference_latency": 0.00027594999999999996}