{"RMSE_loss": 191.63453674316406, "R^2 score": -1.5735812187194824, "training_duration": 10.756496, "inference_latency": 0.00025974333333333315}