{"RMSE_loss": 4.20846700668335, "R^2 score": -2.308820962905884, "training_duration": 1.077834, "inference_latency": 0.00024500000000000005}