{"RMSE_loss": 147.16799926757812, "R^2 score": -0.643099844455719, "training_duration": 10.686269, "inference_latency": 0.00021008500000000024}