{"RMSE_loss": 165.8004150390625, "R^2 score": -0.9011837840080261, "training_duration": 10.863369, "inference_latency": 0.00024054000000000016}