{"RMSE_loss": 42884.6015625, "R^2 score": -1241155633152.0, "training_duration": 10.42807, "inference_latency": 0.00024520166666666703}