{"RMSE_loss": 4.063871383666992, "R^2 score": -2.075592517852783, "training_duration": 1.063858, "inference_latency": 0.00025333333333333344}