{"RMSE_loss": 2.390064239501953, "R^2 score": -0.009382943622767925, "training_duration": 1.051543, "inference_latency": 0.00014583333333333332}