{"RMSE_loss": 2.0557174682617188, "R^2 score": 0.1810312718153, "training_duration": 10.645792, "inference_latency": 0.00020118500000000007}