{"RMSE_loss": 3.479153871536255, "R^2 score": -1.135338544845581, "training_duration": 0.78933, "inference_latency": 0.00025095000000000006}