{"RMSE_loss": 4.942431449890137, "R^2 score": -3.2461628913879395, "training_duration": 0.795664, "inference_latency": 0.000277475}