{"RMSE_loss": 136.36849975585938, "R^2 score": -0.16964265704154968, "training_duration": 11.108525, "inference_latency": 0.00025429833333333334}