{"RMSE_loss": 2.7027812004089355, "R^2 score": -1.199342966079712, "training_duration": 0.795167, "inference_latency": 0.00021884999999999998}