{"RMSE_loss": 133.253173828125, "R^2 score": -0.40722009539604187, "training_duration": 10.964405, "inference_latency": 0.0002927133333333333}