{"RMSE_loss": 2.414083242416382, "R^2 score": -0.1694844663143158, "training_duration": 10.466255, "inference_latency": 0.00025354000000000007}