{"RMSE_loss": 3.2062370777130127, "R^2 score": -0.788622260093689, "training_duration": 0.799568, "inference_latency": 0.000266875}