{"RMSE_loss": 4.257514476776123, "R^2 score": -2.4349520206451416, "training_duration": 10.867468, "inference_latency": 0.0005606099999999996}