{"RMSE_loss": 2.506626844406128, "R^2 score": -0.10986427217721939, "training_duration": 0.787699, "inference_latency": 0.00024082500000000007}