{"RMSE_loss": 3.8041396141052246, "R^2 score": -1.9382174015045166, "training_duration": 0.76074, "inference_latency": 0.00029497500000000005}