{"RMSE_loss": 3.862050771713257, "R^2 score": -1.8152703046798706, "training_duration": 1.083865, "inference_latency": 0.00014813333333333335}