{"RMSE_loss": 202.74786376953125, "R^2 score": -1.5532320737838745, "training_duration": 10.34627, "inference_latency": 0.00029925666666666634}