{"RMSE_loss": 189.57611083984375, "R^2 score": -1.2336955070495605, "training_duration": 10.611837, "inference_latency": 0.00017500166666666682}