{"RMSE_loss": 107.22943878173828, "R^2 score": 0.21533231437206268, "training_duration": 10.619855, "inference_latency": 0.00028443500000000004}