{"RMSE_loss": 0.5104103088378906, "R^2 score": 0.7457877993583679, "training_duration": 10.897717, "inference_latency": 0.0002058216666666666}