{"RMSE_loss": 3.642627716064453, "R^2 score": -1.301156997680664, "training_duration": 0.850027, "inference_latency": 0.00029675000000000003}