{"RMSE_loss": 1.5682849884033203, "R^2 score": -0.37409764528274536, "training_duration": 10.624232, "inference_latency": 0.0002635083333333331}