{"RMSE_loss": 123.24031066894531, "R^2 score": 0.008906286209821701, "training_duration": 10.443485, "inference_latency": 0.00018088166666666624}