{"RMSE_loss": 4.931542873382568, "R^2 score": -3.29461932182312, "training_duration": 0.845926, "inference_latency": 0.00026514999999999997}