{"RMSE_loss": 1.2200030088424683, "R^2 score": 0.6958391070365906, "training_duration": 10.605716, "inference_latency": 0.0002018799999999999}