{"RMSE_loss": 203.83226013183594, "R^2 score": -1.6344399452209473, "training_duration": 1.090565, "inference_latency": 0.0001708166666666667}