{"RMSE_loss": 4.261523723602295, "R^2 score": -2.445066213607788, "training_duration": 1.087626, "inference_latency": 0.0002872166666666667}