{"RMSE_loss": 112.95079803466797, "R^2 score": 0.17615735530853271, "training_duration": 10.371353, "inference_latency": 0.00014720833333333342}