{"RMSE_loss": 2.2540552616119385, "R^2 score": -0.001023896038532257, "training_duration": 0.79411, "inference_latency": 0.00021615000000000002}