{"RMSE_loss": 4.66691780090332, "R^2 score": -2.829068183898926, "training_duration": 1.117928, "inference_latency": 0.00022605000000000005}