{"RMSE_loss": 203.7112579345703, "R^2 score": -1.632953405380249, "training_duration": 1.154623, "inference_latency": 0.0003499499999999999}