{"RMSE_loss": 4.971551418304443, "R^2 score": -3.559295654296875, "training_duration": 1.124037, "inference_latency": 0.00019659999999999998}