{"RMSE_loss": 4.311997890472412, "R^2 score": -2.096792459487915, "training_duration": 0.788456, "inference_latency": 0.00023247499999999995}