{"RMSE_loss": 2.6363065242767334, "R^2 score": -0.4806605279445648, "training_duration": 1.032995, "inference_latency": 0.0001717}