{"RMSE_loss": 3.953935384750366, "R^2 score": -1.9212077856063843, "training_duration": 1.086137, "inference_latency": 0.00022571666666666663}