{"RMSE_loss": 201.9165496826172, "R^2 score": -1.6036908626556396, "training_duration": 10.639449, "inference_latency": 0.00022763499999999996}