{"RMSE_loss": 1.3996241092681885, "R^2 score": -0.10754381865262985, "training_duration": 10.459541, "inference_latency": 0.00022945833333333314}