{"RMSE_loss": 2.606936454772949, "R^2 score": -0.3034910559654236, "training_duration": 1.08452, "inference_latency": 0.00019626666666666665}