{"RMSE_loss": 3.3602778911590576, "R^2 score": -1.1119933128356934, "training_duration": 1.216341, "inference_latency": 0.00026120000000000017}