{"RMSE_loss": 8.513712882995605, "R^2 score": -13.556077003479004, "training_duration": 1.064503, "inference_latency": 0.00013781666666666666}