{"RMSE_loss": 18.356243133544922, "R^2 score": -64.64985656738281, "training_duration": 1.062161, "inference_latency": 0.00024344999999999998}