{"RMSE_loss": 200.86184692382812, "R^2 score": -1.6039272546768188, "training_duration": 1.136507, "inference_latency": 0.0002811833333333333}