{"RMSE_loss": 3.8128387928009033, "R^2 score": -1.9882913827896118, "training_duration": 0.776681, "inference_latency": 0.00029722500000000003}