{"RMSE_loss": 130.7377166748047, "R^2 score": -0.0667223334312439, "training_duration": 10.566988, "inference_latency": 0.00015012500000000006}