{"RMSE_loss": 2.911659002304077, "R^2 score": -0.5430226922035217, "training_duration": 1.089344, "inference_latency": 0.00019611666666666667}