{"RMSE_loss": 111.11869812011719, "R^2 score": 0.09353572130203247, "training_duration": 10.404625, "inference_latency": 0.0003693549999999998}