{"RMSE_loss": 5.664703369140625, "R^2 score": -7.882477760314941, "training_duration": 0.766972, "inference_latency": 0.00021392500000000006}