{"RMSE_loss": 1.4179022312164307, "R^2 score": -0.8114706873893738, "training_duration": 10.598776, "inference_latency": 0.00021698833333333312}