{"RMSE_loss": 1.1370368003845215, "R^2 score": -1.1558791399002075, "training_duration": 10.441664, "inference_latency": 0.0002427433333333337}