{"RMSE_loss": 5.1019206047058105, "R^2 score": -3.6521222591400146, "training_duration": 1.076888, "inference_latency": 0.00015563333333333337}