{"RMSE_loss": 4.444576263427734, "R^2 score": -2.9161880016326904, "training_duration": 0.838794, "inference_latency": 0.0007971249999999999}