{"RMSE_loss": 170.36837768554688, "R^2 score": -0.9083315134048462, "training_duration": 10.601819, "inference_latency": 0.00026441166666666646}