{"RMSE_loss": 1.3509877920150757, "R^2 score": 0.008978591300547123, "training_duration": 11.91011, "inference_latency": 0.00034422500000000003}