{"RMSE_loss": 101.5227279663086, "R^2 score": 0.2519698441028595, "training_duration": 10.462738, "inference_latency": 0.00021590999999999998}