{"RMSE_loss": 4.079638481140137, "R^2 score": -2.1377105712890625, "training_duration": 1.089157, "inference_latency": 0.00026136666666666666}