{"RMSE_loss": 4.67670202255249, "R^2 score": -3.320478916168213, "training_duration": 0.853436, "inference_latency": 0.0006084}