{"RMSE_loss": 7.3148627281188965, "R^2 score": -8.330224990844727, "training_duration": 0.780328, "inference_latency": 0.00022039999999999994}