{"RMSE_loss": 3.3647279739379883, "R^2 score": -1.020432710647583, "training_duration": 1.052439, "inference_latency": 0.0002052833333333334}