{"RMSE_loss": 142.49635314941406, "R^2 score": -0.2439168244600296, "training_duration": 10.330826, "inference_latency": 0.00021044500000000002}