{"RMSE_loss": 127.40245056152344, "R^2 score": -0.2643863260746002, "training_duration": 10.439138, "inference_latency": 0.0002674883333333337}