{"RMSE_loss": 3.063091278076172, "R^2 score": -0.9999879002571106, "training_duration": 0.833906, "inference_latency": 0.00044979999999999993}