{"RMSE_loss": 2.5345118045806885, "R^2 score": -0.6867731809616089, "training_duration": 0.798604, "inference_latency": 0.00025754999999999994}