{"RMSE_loss": 199.5789794921875, "R^2 score": -1.684536337852478, "training_duration": 10.288778, "inference_latency": 0.0001575116666666667}