{"RMSE_loss": 3.8457343578338623, "R^2 score": -1.8289076089859009, "training_duration": 1.049777, "inference_latency": 0.00019713333333333335}