{"RMSE_loss": 2.125596523284912, "R^2 score": 0.13715438544750214, "training_duration": 1.08122, "inference_latency": 0.00019575000000000001}