{"RMSE_loss": 2.18710994720459, "R^2 score": 0.040939174592494965, "training_duration": 11.24032, "inference_latency": 0.0005108600000000002}