{"RMSE_loss": 194.6160430908203, "R^2 score": -1.6660397052764893, "training_duration": 10.535426, "inference_latency": 0.0002905683333333335}