{"RMSE_loss": 1.9202038049697876, "R^2 score": 0.2851644456386566, "training_duration": 10.951651, "inference_latency": 0.00018494833333333334}