{"RMSE_loss": 2.3935556411743164, "R^2 score": -0.10062693804502487, "training_duration": 1.087633, "inference_latency": 0.0002178000000000001}