{"RMSE_loss": 4.004706382751465, "R^2 score": -1.674856424331665, "training_duration": 0.809651, "inference_latency": 0.000294325}