{"RMSE_loss": 4.153772830963135, "R^2 score": -2.090764284133911, "training_duration": 1.080721, "inference_latency": 0.0002502999999999999}