{"RMSE_loss": 3.3681859970092773, "R^2 score": -1.1199008226394653, "training_duration": 1.050076, "inference_latency": 0.0002099}