{"RMSE_loss": 4.517949104309082, "R^2 score": -2.595381736755371, "training_duration": 0.761145, "inference_latency": 0.00026405}