{"RMSE_loss": 2.086616277694702, "R^2 score": 0.09659361839294434, "training_duration": 7.836487, "inference_latency": 0.0002601624999999998}