{"RMSE_loss": 127.79195404052734, "R^2 score": -0.1567114293575287, "training_duration": 10.324822, "inference_latency": 0.00021308499999999977}