{"RMSE_loss": 200.277587890625, "R^2 score": -1.620983362197876, "training_duration": 10.291841, "inference_latency": 0.00020695166666666675}