{"RMSE_loss": 201.91574096679688, "R^2 score": -1.542638897895813, "training_duration": 1.049556, "inference_latency": 0.0001569166666666667}