{"RMSE_loss": 4.403791904449463, "R^2 score": -2.961498737335205, "training_duration": 7.802749, "inference_latency": 0.00023180000000000027}