{"RMSE_loss": 3.1086745262145996, "R^2 score": -1.0694193840026855, "training_duration": 1.045072, "inference_latency": 0.00014178333333333338}