{"RMSE_loss": 8.375364303588867, "R^2 score": -13.410103797912598, "training_duration": 1.042556, "inference_latency": 0.00016315}