{"RMSE_loss": 4.53257417678833, "R^2 score": -3.0989067554473877, "training_duration": 0.837887, "inference_latency": 0.000587725}