{"RMSE_loss": 130.0344696044922, "R^2 score": -0.11968709528446198, "training_duration": 10.521745, "inference_latency": 0.00020224000000000012}