{"RMSE_loss": 2.2359213829040527, "R^2 score": -0.0472138412296772, "training_duration": 0.806947, "inference_latency": 0.00023672500000000008}