{"RMSE_loss": 1.4251742362976074, "R^2 score": -1.3124361038208008, "training_duration": 10.60483, "inference_latency": 0.0002292316666666668}