{"RMSE_loss": 3.4509284496307373, "R^2 score": -0.9602807760238647, "training_duration": 0.831575, "inference_latency": 0.000215175}