{"RMSE_loss": 124.50493621826172, "R^2 score": 0.012678413651883602, "training_duration": 10.568119, "inference_latency": 0.0003145366666666667}