{"RMSE_loss": 184.5764923095703, "R^2 score": -1.3735169172286987, "training_duration": 10.169496, "inference_latency": 0.0002532616666666668}