{"RMSE_loss": 38.58980178833008, "R^2 score": -401949.34375, "training_duration": 10.564556, "inference_latency": 0.00024729500000000013}