{"RMSE_loss": 200.83193969726562, "R^2 score": -1.6161664724349976, "training_duration": 10.177086, "inference_latency": 0.00019676166666666666}