{"RMSE_loss": 106.25764465332031, "R^2 score": 0.18743658065795898, "training_duration": 10.291494, "inference_latency": 0.00020943166666666653}