{"RMSE_loss": 1.4094570875167847, "R^2 score": -0.12991727888584137, "training_duration": 10.515153, "inference_latency": 0.00021561499999999984}