{"RMSE_loss": 4.97963285446167, "R^2 score": -3.5785505771636963, "training_duration": 1.047945, "inference_latency": 0.00022098333333333338}