{"RMSE_loss": 1.137208104133606, "R^2 score": -1.5950522422790527, "training_duration": 10.9136, "inference_latency": 0.00019390499999999997}