{"RMSE_loss": 3.914066791534424, "R^2 score": -1.7043120861053467, "training_duration": 0.795317, "inference_latency": 0.0002636249999999999}