{"RMSE_loss": 140.45614624023438, "R^2 score": -0.39181196689605713, "training_duration": 10.165835, "inference_latency": 0.0001973000000000001}