{"RMSE_loss": 201.72787475585938, "R^2 score": -1.6634058952331543, "training_duration": 9.982553, "inference_latency": 0.0001981566666666666}