{"RMSE_loss": 195.92857360839844, "R^2 score": -1.744869351387024, "training_duration": 10.482763, "inference_latency": 0.00025895666666666704}