{"RMSE_loss": 1.4475698471069336, "R^2 score": -0.18278175592422485, "training_duration": 10.282907, "inference_latency": 0.00020825}