{"RMSE_loss": 2.3378653526306152, "R^2 score": -0.12109212577342987, "training_duration": 0.766807, "inference_latency": 0.00024387499999999995}