{"RMSE_loss": 202.46658325195312, "R^2 score": -1.6079010963439941, "training_duration": 10.410685, "inference_latency": 0.00017956666666666646}