{"RMSE_loss": 4.5481743812561035, "R^2 score": -2.949751615524292, "training_duration": 1.118629, "inference_latency": 0.00018468333333333334}