{"RMSE_loss": 4.233473300933838, "R^2 score": -2.1476171016693115, "training_duration": 1.077346, "inference_latency": 0.00019081666666666668}