{"RMSE_loss": 200.33248901367188, "R^2 score": -1.5015367269515991, "training_duration": 10.288734, "inference_latency": 0.00021553333333333314}