{"RMSE_loss": 4.433083534240723, "R^2 score": -2.7293829917907715, "training_duration": 0.78439, "inference_latency": 0.0002211500000000001}