{"RMSE_loss": 3.8658852577209473, "R^2 score": -1.589146614074707, "training_duration": 0.761412, "inference_latency": 0.00024577499999999994}