{"RMSE_loss": 2.5708436965942383, "R^2 score": -0.4530434012413025, "training_duration": 0.862222, "inference_latency": 0.00036409999999999996}