{"RMSE_loss": 4.704214572906494, "R^2 score": -3.3171274662017822, "training_duration": 1.046659, "inference_latency": 0.00028263333333333323}