{"RMSE_loss": 2.8437867164611816, "R^2 score": -0.47282516956329346, "training_duration": 1.100108, "inference_latency": 0.0001437333333333333}