{"RMSE_loss": 6.6374688148498535, "R^2 score": -8.0165376663208, "training_duration": 0.80774, "inference_latency": 0.00023805}