{"RMSE_loss": 201.46617126464844, "R^2 score": -1.5955843925476074, "training_duration": 10.248065, "inference_latency": 0.00015790833333333306}