{"RMSE_loss": 152.2206268310547, "R^2 score": -0.4994529187679291, "training_duration": 10.812266, "inference_latency": 0.0002211150000000001}