{"RMSE_loss": Infinity, "R^2 score": -Infinity, "training_duration": 10.327015, "inference_latency": 0.00025657333333333333}