{"RMSE_loss": 4.250011920928955, "R^2 score": -2.751065492630005, "training_duration": 1.041494, "inference_latency": 0.00021965000000000005}