{"RMSE_loss": 2.430109739303589, "R^2 score": -0.2192818522453308, "training_duration": 1.085068, "inference_latency": 0.00014346666666666672}