{"RMSE_loss": 3.6876418590545654, "R^2 score": -1.3817856311798096, "training_duration": 0.755417, "inference_latency": 0.00024465}