{"RMSE_loss": 1.4021984338760376, "R^2 score": 0.45195236802101135, "training_duration": 10.519424, "inference_latency": 0.00012811666666666648}