{"RMSE_loss": 3.215897798538208, "R^2 score": -1.0312199592590332, "training_duration": 1.121705, "inference_latency": 0.0001455833333333333}