{"RMSE_loss": 202.8085479736328, "R^2 score": -1.5868895053863525, "training_duration": 1.219709, "inference_latency": 0.0003619166666666668}