{"RMSE_loss": 103.58531951904297, "R^2 score": 0.23457171022891998, "training_duration": 10.173667, "inference_latency": 0.00020277500000000036}