{"RMSE_loss": 3.6622860431671143, "R^2 score": -138.14556884765625, "training_duration": 10.310919, "inference_latency": 0.0002365100000000001}