{"RMSE_loss": 2.5143096446990967, "R^2 score": -1.7109726667404175, "training_duration": 10.460127, "inference_latency": 0.0002691250000000001}