{"RMSE_loss": 3.833303928375244, "R^2 score": -1.8228695392608643, "training_duration": 1.072852, "inference_latency": 0.0001735666666666667}