{"RMSE_loss": 3.58748197555542, "R^2 score": -1.4761337041854858, "training_duration": 1.070126, "inference_latency": 0.00014181666666666665}