{"RMSE_loss": 117.13874053955078, "R^2 score": 0.1193045899271965, "training_duration": 10.223855, "inference_latency": 0.00018694500000000016}