{"RMSE_loss": 0.9139469265937805, "R^2 score": 0.22345837950706482, "training_duration": 10.66813, "inference_latency": 0.0002407800000000004}