{"RMSE_loss": 134.51556396484375, "R^2 score": -0.062332089990377426, "training_duration": 10.830838, "inference_latency": 0.0002099500000000001}