{"RMSE_loss": 176.9115447998047, "R^2 score": -1.0183894634246826, "training_duration": 10.000193, "inference_latency": 0.00019125333333333346}