{"RMSE_loss": 2.853027582168579, "R^2 score": -0.46832117438316345, "training_duration": 0.756162, "inference_latency": 0.00018764999999999998}