{"RMSE_loss": 2.179016351699829, "R^2 score": 0.07180099189281464, "training_duration": 0.78369, "inference_latency": 0.00024729999999999994}