{"RMSE_loss": 3.8565714359283447, "R^2 score": -1.954990267753601, "training_duration": 1.039291, "inference_latency": 0.0001998666666666667}