{"RMSE_loss": 107.29531860351562, "R^2 score": 0.20534804463386536, "training_duration": 10.388299, "inference_latency": 0.00026614666666666673}