{"RMSE_loss": 5.622817516326904, "R^2 score": -4.783345699310303, "training_duration": 0.783213, "inference_latency": 0.00013759999999999998}