{"RMSE_loss": 4.147231101989746, "R^2 score": -2.5224084854125977, "training_duration": 0.759414, "inference_latency": 0.000320125}