{"RMSE_loss": 195.2489471435547, "R^2 score": -1.6723209619522095, "training_duration": 10.969559, "inference_latency": 0.0002887966666666664}