{"RMSE_loss": 3.983790636062622, "R^2 score": -1.9545265436172485, "training_duration": 11.463847, "inference_latency": 0.0006187}