{"RMSE_loss": 3.609886884689331, "R^2 score": -1.3693472146987915, "training_duration": 1.00122, "inference_latency": 0.00017953333333333335}