{"RMSE_loss": 2.39250111579895, "R^2 score": -0.12904386222362518, "training_duration": 10.449224, "inference_latency": 0.00021018166666666663}