{"RMSE_loss": 182.4640655517578, "R^2 score": -1.250699520111084, "training_duration": 10.709108, "inference_latency": 0.0002534700000000001}