{"RMSE_loss": 1.568273663520813, "R^2 score": 0.5088741779327393, "training_duration": 10.670237, "inference_latency": 0.00015627833333333322}