{"RMSE_loss": 4.4461798667907715, "R^2 score": -2.8604319095611572, "training_duration": 0.843111, "inference_latency": 0.0009641500000000001}