{"RMSE_loss": 1.4889999628067017, "R^2 score": -0.23062342405319214, "training_duration": 10.568894, "inference_latency": 0.00027866999999999996}