{"RMSE_loss": 117.60604095458984, "R^2 score": 0.14469201862812042, "training_duration": 10.391761, "inference_latency": 0.0001883966666666667}