{"RMSE_loss": 3.5743653774261475, "R^2 score": -1.487309217453003, "training_duration": 1.094849, "inference_latency": 0.00017133333333333334}