{"RMSE_loss": 2.3648812770843506, "R^2 score": 0.02582871913909912, "training_duration": 1.010183, "inference_latency": 0.00015298333333333333}