{"RMSE_loss": 3.4680347442626953, "R^2 score": -1.2056902647018433, "training_duration": 0.750293, "inference_latency": 0.000262875}