{"RMSE_loss": 1.3610605001449585, "R^2 score": -11.096080780029297, "training_duration": 10.983316, "inference_latency": 0.00021541333333333296}