{"RMSE_loss": 2.3074820041656494, "R^2 score": -0.0665067732334137, "training_duration": 10.788778, "inference_latency": 0.0003946999999999996}