{"RMSE_loss": 4.498043060302734, "R^2 score": -2.962756395339966, "training_duration": 0.774672, "inference_latency": 0.00037772500000000003}