{"RMSE_loss": 205.54710388183594, "R^2 score": -1.573607087135315, "training_duration": 1.125201, "inference_latency": 0.00021161666666666664}