{"RMSE_loss": 4.175179481506348, "R^2 score": -2.5168652534484863, "training_duration": 7.802342, "inference_latency": 0.0002536374999999999}