{"RMSE_loss": 1.8501558303833008, "R^2 score": -0.9072548151016235, "training_duration": 10.803406, "inference_latency": 0.00027522333333333343}