{"RMSE_loss": 4.6391448974609375, "R^2 score": -3.1378397941589355, "training_duration": 1.036057, "inference_latency": 0.00016929999999999994}