{"RMSE_loss": 120.64696502685547, "R^2 score": -0.03523103892803192, "training_duration": 10.38865, "inference_latency": 0.00020117500000000002}