{"RMSE_loss": 3.3692920207977295, "R^2 score": -1.4500212669372559, "training_duration": 1.003589, "inference_latency": 0.00021256666666666667}