{"RMSE_loss": 4.3492512702941895, "R^2 score": -2.59785795211792, "training_duration": 1.087935, "inference_latency": 0.00016915000000000005}