{"RMSE_loss": 4.8836798667907715, "R^2 score": -3.1661128997802734, "training_duration": 0.750791, "inference_latency": 0.0002875250000000001}