{"RMSE_loss": 2.3138675689697266, "R^2 score": -0.09909559786319733, "training_duration": 0.785744, "inference_latency": 0.00021885000000000003}