{"RMSE_loss": 4.589898109436035, "R^2 score": -2.6802916526794434, "training_duration": 1.102362, "inference_latency": 0.00020503333333333332}