{"RMSE_loss": 1.69695246219635, "R^2 score": 0.44695714116096497, "training_duration": 10.170071, "inference_latency": 0.00020987166666666692}