{"RMSE_loss": 2.1997618675231934, "R^2 score": 0.08693386614322662, "training_duration": 1.150396, "inference_latency": 0.00046156666666666675}