{"RMSE_loss": 0.7917913794517517, "R^2 score": -1.3966851234436035, "training_duration": 10.899711, "inference_latency": 0.00022902999999999989}