{"RMSE_loss": 2.191040515899658, "R^2 score": 0.17291410267353058, "training_duration": 1.340592, "inference_latency": 0.00015256666666666667}