{"RMSE_loss": 2.368199348449707, "R^2 score": -0.1848142147064209, "training_duration": 12.427122, "inference_latency": 0.0009193316666666662}