{"RMSE_loss": 0.5563031435012817, "R^2 score": 0.6368465423583984, "training_duration": 10.998607, "inference_latency": 0.00025189166666666677}