{"RMSE_loss": 4.795501708984375, "R^2 score": -3.628728151321411, "training_duration": 1.057117, "inference_latency": 0.0002201666666666667}