{"RMSE_loss": 1.5772247314453125, "R^2 score": 0.46692758798599243, "training_duration": 12.203807, "inference_latency": 0.0008201399999999996}