{"RMSE_loss": 106.11873626708984, "R^2 score": 0.20873723924160004, "training_duration": 10.323214, "inference_latency": 0.0002263783333333332}