{"RMSE_loss": 2.690065860748291, "R^2 score": -0.5481690168380737, "training_duration": 0.8033, "inference_latency": 0.00028102499999999996}