{"RMSE_loss": 2.678039073944092, "R^2 score": -0.47541314363479614, "training_duration": 0.746067, "inference_latency": 0.0002350749999999999}