{"RMSE_loss": 124.99839782714844, "R^2 score": -0.09298054128885269, "training_duration": 10.305515, "inference_latency": 0.00021097000000000013}