{"RMSE_loss": 3.6557843685150146, "R^2 score": -1.7379412651062012, "training_duration": 1.067437, "inference_latency": 0.0002255333333333333}