{"RMSE_loss": 2.93117356300354, "R^2 score": -0.7465515732765198, "training_duration": 1.093474, "inference_latency": 0.0001433166666666667}