{"RMSE_loss": 0.5712266564369202, "R^2 score": 0.5885006189346313, "training_duration": 10.772145, "inference_latency": 0.00020339000000000002}