{"RMSE_loss": 2.761488914489746, "R^2 score": -0.8396537899971008, "training_duration": 7.82736, "inference_latency": 0.00019486750000000005}