{"RMSE_loss": 203.91026306152344, "R^2 score": -1.5479744672775269, "training_duration": 1.173572, "inference_latency": 0.0003494333333333332}