{"RMSE_loss": 3.94407057762146, "R^2 score": -2.144108295440674, "training_duration": 1.045982, "inference_latency": 0.00018845000000000005}