{"RMSE_loss": 203.9927520751953, "R^2 score": -1.5690165758132935, "training_duration": 1.258482, "inference_latency": 0.0004683}