{"RMSE_loss": 198.71095275878906, "R^2 score": -1.7539029121398926, "training_duration": 1.176655, "inference_latency": 0.0002615333333333333}