{"validation_score": 0.7847676767676768, "F1_score": 0.9778870752592761, "accuracy": 0.9778672032193159}