{"validation_score": 0.4, "F1_score_train": 0.8418031309378606, "F1_score_test": 0.32095870150713035, "F1_score_validation": 0.3640780927966435, "accuracy_train": 0.8424242424242424, "accuracy_test": 0.3132530120481928, "accuracy_validation": 0.3373493975903614, "recall_score_train": 0.8417690152984271, "recall_score_test": 0.3020016016782186, "recall_score_validation": 0.3149557010065659, "precision_score_train": 0.8763475660534483, "precision_score_test": 0.301487096334176, "precision_score_validation": 0.30053016240933217}