{"RMSE_loss": 15.674445152282715, "R^2 score": -45.40739440917969, "training_duration": 1.056947, "inference_latency": 0.00017008333333333334}