{"RMSE_loss": 2.8452188968658447, "R^2 score": -0.5197290778160095, "training_duration": 1.060608, "inference_latency": 0.00020875000000000003}