{"RMSE_loss": 2.6959433555603027, "R^2 score": -0.5893069505691528, "training_duration": 7.955625, "inference_latency": 0.00025617}