{"RMSE_loss": 2.079087018966675, "R^2 score": 0.15408886969089508, "training_duration": 10.965449, "inference_latency": 0.0003984683333333337}