{"RMSE_loss": 166.31631469726562, "R^2 score": -0.9988125562667847, "training_duration": 11.171152, "inference_latency": 0.0003366549999999999}