{"RMSE_loss": 4.746363162994385, "R^2 score": -3.5694453716278076, "training_duration": 1.082542, "inference_latency": 0.00023044999999999996}