{"RMSE_loss": 4.579718589782715, "R^2 score": -2.6558837890625, "training_duration": 0.797057, "inference_latency": 0.0002821500000000001}