{"RMSE_loss": 1.1962218284606934, "R^2 score": -5.209560394287109, "training_duration": 10.763191, "inference_latency": 0.00025314999999999946}