{"RMSE_loss": 2.3176181316375732, "R^2 score": -0.09505029767751694, "training_duration": 0.809326, "inference_latency": 0.00020765000000000003}