{"RMSE_loss": 2.8199446201324463, "R^2 score": -0.5804978013038635, "training_duration": 1.035235, "inference_latency": 0.00016694999999999997}