{"RMSE_loss": 4.939820289611816, "R^2 score": -3.305011749267578, "training_duration": 0.754302, "inference_latency": 0.00026282500000000006}