{"RMSE_loss": 156.35276794433594, "R^2 score": -0.7101678252220154, "training_duration": 10.7944, "inference_latency": 0.00024099166666666667}