{"RMSE_loss": 6.183894634246826, "R^2 score": -5.945099353790283, "training_duration": 1.104205, "inference_latency": 0.00020216666666666663}