{"RMSE_loss": 99.03396606445312, "R^2 score": 0.26668986678123474, "training_duration": 10.441881, "inference_latency": 0.00020572166666666663}