{"RMSE_loss": 5.664636135101318, "R^2 score": -5.51387882232666, "training_duration": 7.704811, "inference_latency": 0.00022977250000000006}