{"RMSE_loss": 1.2054582834243774, "R^2 score": 0.699739933013916, "training_duration": 10.406808, "inference_latency": 0.0001202316666666667}