{"RMSE_loss": 204.62449645996094, "R^2 score": -1.5058279037475586, "training_duration": 10.598536, "inference_latency": 0.00023728333333333343}