{"RMSE_loss": 0.5382753014564514, "R^2 score": 0.4916934669017792, "training_duration": 10.95729, "inference_latency": 0.00023474499999999985}