{"RMSE_loss": 2.4484829902648926, "R^2 score": -0.19272871315479279, "training_duration": 0.786584, "inference_latency": 0.00022780000000000006}