{"RMSE_loss": 204.98678588867188, "R^2 score": -1.5699275732040405, "training_duration": 1.046622, "inference_latency": 0.0002487333333333333}