{"RMSE_loss": 1.8347234725952148, "R^2 score": -0.834489107131958, "training_duration": 10.22139, "inference_latency": 0.0002126783333333333}