{"RMSE_loss": 4.494504451751709, "R^2 score": -2.9875216484069824, "training_duration": 0.892498, "inference_latency": 0.0007486750000000001}