{"RMSE_loss": 2.172142267227173, "R^2 score": 0.08260516077280045, "training_duration": 0.750449, "inference_latency": 0.00019970000000000006}