{"RMSE_loss": 4.42003870010376, "R^2 score": -2.8154799938201904, "training_duration": 1.028719, "inference_latency": 0.0018175499999999998}