{"RMSE_loss": 1.445340871810913, "R^2 score": 0.5480647683143616, "training_duration": 10.976945, "inference_latency": 0.00037522666666666636}