{"RMSE_loss": 3.9452972412109375, "R^2 score": -2.1770849227905273, "training_duration": 0.796943, "inference_latency": 0.00029677499999999994}