{"RMSE_loss": 3.0379865169525146, "R^2 score": -0.8857895135879517, "training_duration": 0.768097, "inference_latency": 0.000585325}