{"RMSE_loss": 1.6838037967681885, "R^2 score": -22.29574203491211, "training_duration": 10.350058, "inference_latency": 0.00020761166666666657}