{"RMSE_loss": 3.1274659633636475, "R^2 score": -0.9159830808639526, "training_duration": 11.681424, "inference_latency": 0.0008756899999999999}