{"RMSE_loss": 2.050384759902954, "R^2 score": 0.18553496897220612, "training_duration": 1.085538, "inference_latency": 0.00013910000000000002}