{"RMSE_loss": 7.021824359893799, "R^2 score": -8.340672492980957, "training_duration": 1.030768, "inference_latency": 0.00021574999999999999}