{"RMSE_loss": 5.6971611976623535, "R^2 score": -4.843664169311523, "training_duration": 1.079951, "inference_latency": 0.00026125}