{"RMSE_loss": 185.07835388183594, "R^2 score": -1.3684288263320923, "training_duration": 10.386258, "inference_latency": 0.00024114833333333313}