{"RMSE_loss": 2.4364187717437744, "R^2 score": -0.21604052186012268, "training_duration": 0.798221, "inference_latency": 0.000331475}