{"RMSE_loss": 1.0146576166152954, "R^2 score": -4.800095081329346, "training_duration": 10.577763, "inference_latency": 0.0002458633333333332}