{"RMSE_loss": 1.553802251815796, "R^2 score": -1.898964285850525, "training_duration": 10.518264, "inference_latency": 0.00022567500000000008}