{"RMSE_loss": 3.2202959060668945, "R^2 score": -0.9867337942123413, "training_duration": 1.041818, "inference_latency": 0.0001647833333333333}