{"RMSE_loss": 2.4098875522613525, "R^2 score": -0.603870153427124, "training_duration": 0.747022, "inference_latency": 0.00023150000000000002}