{"RMSE_loss": 3.719883680343628, "R^2 score": -1.8549718856811523, "training_duration": 0.771171, "inference_latency": 0.000310275}