{"RMSE_loss": 0.9020721316337585, "R^2 score": 0.21835683286190033, "training_duration": 10.691493, "inference_latency": 0.00028245666666666685}