{"RMSE_loss": 1.4655860662460327, "R^2 score": -2.5241992473602295, "training_duration": 10.573444, "inference_latency": 0.0002744583333333334}