{"RMSE_loss": 1.4491288661956787, "R^2 score": -3.0043365955352783, "training_duration": 11.070154, "inference_latency": 0.00030320833333333366}