{"RMSE_loss": 204.64520263671875, "R^2 score": -1.55064058303833, "training_duration": 1.16164, "inference_latency": 0.00024405}