{"RMSE_loss": 3.1201531887054443, "R^2 score": -1.0767440795898438, "training_duration": 1.025151, "inference_latency": 0.00014828333333333332}