{"RMSE_loss": 104.82559967041016, "R^2 score": 0.23593877255916595, "training_duration": 10.383044, "inference_latency": 0.0001684133333333334}