{"RMSE_loss": 1.2545887231826782, "R^2 score": 0.6571596264839172, "training_duration": 10.524536, "inference_latency": 0.0001827933333333335}