{"RMSE_loss": 0.7366193532943726, "R^2 score": 0.495718389749527, "training_duration": 10.407316, "inference_latency": 0.0002219599999999998}