{"RMSE_loss": 4.486879348754883, "R^2 score": -2.3380379676818848, "training_duration": 0.784948, "inference_latency": 0.0002575}