{"RMSE_loss": 163.23849487304688, "R^2 score": -0.9983130097389221, "training_duration": 10.118843, "inference_latency": 0.0002838816666666669}