{"RMSE_loss": 1.5332138538360596, "R^2 score": -2.3754546642303467, "training_duration": 10.412461, "inference_latency": 0.0002734266666666667}