{"RMSE_loss": 3.7494659423828125, "R^2 score": -1.9472965002059937, "training_duration": 1.069978, "inference_latency": 0.00019808333333333334}