{"RMSE_loss": 9.463333129882812, "R^2 score": -34010.7734375, "training_duration": 10.534254, "inference_latency": 0.00021244666666666656}