{"RMSE_loss": 4.12380838394165, "R^2 score": -2.2299692630767822, "training_duration": 11.049606, "inference_latency": 0.00034093333333333356}