{"RMSE_loss": 4.576172828674316, "R^2 score": -2.615553617477417, "training_duration": 0.803917, "inference_latency": 0.00019339999999999996}