{"RMSE_loss": 4.742094993591309, "R^2 score": -3.062525510787964, "training_duration": 1.105053, "inference_latency": 0.0002509666666666666}