{"RMSE_loss": 181.50735473632812, "R^2 score": -1.1605578660964966, "training_duration": 10.383518, "inference_latency": 0.00018789333333333314}