{"RMSE_loss": 3.445446014404297, "R^2 score": -1.2001911401748657, "training_duration": 1.033855, "inference_latency": 0.00025804999999999996}