{"RMSE_loss": 1.6372610330581665, "R^2 score": 0.4634215831756592, "training_duration": 10.398405, "inference_latency": 0.00022369666666666687}