{"RMSE_loss": 181.5937957763672, "R^2 score": -1.2693369388580322, "training_duration": 10.633143, "inference_latency": 0.0002874733333333335}