{"RMSE_loss": 4.728500843048096, "R^2 score": -2.9805917739868164, "training_duration": 1.018071, "inference_latency": 0.00020054999999999994}