{"RMSE_loss": 4.350227355957031, "R^2 score": -2.3119328022003174, "training_duration": 1.10806, "inference_latency": 0.00019046666666666662}