{"RMSE_loss": 1.1013346910476685, "R^2 score": -0.1012684777379036, "training_duration": 10.62144, "inference_latency": 0.0002128050000000002}