{"RMSE_loss": 2.2086033821105957, "R^2 score": 0.05894983559846878, "training_duration": 0.771115, "inference_latency": 0.00021652499999999996}