{"RMSE_loss": 196.8063201904297, "R^2 score": -1.4297418594360352, "training_duration": 10.501855, "inference_latency": 0.00019257999999999976}