{"RMSE_loss": 1.5847240686416626, "R^2 score": 0.44999292492866516, "training_duration": 10.609804, "inference_latency": 0.0002600483333333333}