{"RMSE_loss": 2.938932180404663, "R^2 score": -0.4712010622024536, "training_duration": 1.0563, "inference_latency": 0.00022678333333333325}