{"RMSE_loss": 2.0317318439483643, "R^2 score": 0.1826888471841812, "training_duration": 11.35298, "inference_latency": 0.0005450349999999999}