{"RMSE_loss": 128.4983367919922, "R^2 score": -0.24938619136810303, "training_duration": 10.669034, "inference_latency": 0.00023045333333333339}