{"RMSE_loss": 1.9524585008621216, "R^2 score": 0.26993995904922485, "training_duration": 11.074306, "inference_latency": 0.00022586666666666664}