{"RMSE_loss": 0.9276058077812195, "R^2 score": 0.17667977511882782, "training_duration": 10.310524, "inference_latency": 0.00021024833333333311}