{"RMSE_loss": 4.210811614990234, "R^2 score": -3.215230941772461, "training_duration": 0.764693, "inference_latency": 0.00026857500000000006}