{"RMSE_loss": 2.2565722465515137, "R^2 score": -0.0134511049836874, "training_duration": 0.780663, "inference_latency": 0.0002097}