{"RMSE_loss": 1.579232096672058, "R^2 score": 0.48835423588752747, "training_duration": 11.384951, "inference_latency": 0.0002042383333333333}