{"RMSE_loss": 154.46917724609375, "R^2 score": -0.6764805912971497, "training_duration": 10.314622, "inference_latency": 0.00020684500000000004}