{"RMSE_loss": 0.9895104169845581, "R^2 score": 0.05449797213077545, "training_duration": 10.792205, "inference_latency": 0.0002662083333333332}