{"RMSE_loss": 2.5770907402038574, "R^2 score": -0.6012381911277771, "training_duration": 10.594598, "inference_latency": 0.0001533350000000001}