{"RMSE_loss": 1.2331520318984985, "R^2 score": 0.6645177006721497, "training_duration": 10.32249, "inference_latency": 0.00023094333333333319}