{"RMSE_loss": 6.0781049728393555, "R^2 score": -5.448687553405762, "training_duration": 0.796674, "inference_latency": 0.000327275}