{"RMSE_loss": 4.8124098777771, "R^2 score": -3.558316230773926, "training_duration": 1.054379, "inference_latency": 0.00025938333333333323}