{"RMSE_loss": 3.4897360801696777, "R^2 score": -1.5130397081375122, "training_duration": 0.76382, "inference_latency": 0.00029992500000000004}