{"RMSE_loss": 2.712857484817505, "R^2 score": -0.33113354444503784, "training_duration": 1.08663, "inference_latency": 0.00016113333333333326}