{"RMSE_loss": 2.2892837524414062, "R^2 score": -0.13111978769302368, "training_duration": 7.927324, "inference_latency": 0.0002086474999999999}