{"RMSE_loss": 202.30142211914062, "R^2 score": -1.6199535131454468, "training_duration": 10.487109, "inference_latency": 0.00017197999999999988}