{"RMSE_loss": 1.0856798887252808, "R^2 score": -0.06057418882846832, "training_duration": 10.884947, "inference_latency": 0.00025997666666666673}