{"RMSE_loss": 2.3898379802703857, "R^2 score": -0.09780891984701157, "training_duration": 1.146321, "inference_latency": 0.0002764666666666666}