{"RMSE_loss": 3.4012086391448975, "R^2 score": -1.092663288116455, "training_duration": 1.099527, "inference_latency": 0.00028811666666666663}