{"RMSE_loss": 5.114389896392822, "R^2 score": -3.931429862976074, "training_duration": 1.043962, "inference_latency": 0.00024}