{"RMSE_loss": 2.0971662998199463, "R^2 score": 0.20558635890483856, "training_duration": 1.037934, "inference_latency": 0.00020460000000000004}