{"RMSE_loss": 2.120262861251831, "R^2 score": 0.08183391392230988, "training_duration": 0.792929, "inference_latency": 0.00021325000000000003}