{"RMSE_loss": 3.3278768062591553, "R^2 score": -1.1111876964569092, "training_duration": 0.987125, "inference_latency": 0.00019358333333333334}