{"RMSE_loss": 126.49604034423828, "R^2 score": -0.197891965508461, "training_duration": 10.396581, "inference_latency": 0.0002733766666666664}