{"RMSE_loss": 4.189947128295898, "R^2 score": -2.284865140914917, "training_duration": 1.072737, "inference_latency": 0.00018875}