{"RMSE_loss": 3.8587002754211426, "R^2 score": -1.844632863998413, "training_duration": 1.07482, "inference_latency": 0.00022518333333333338}