{"RMSE_loss": 116.5622787475586, "R^2 score": 0.1759910136461258, "training_duration": 11.374105, "inference_latency": 0.0002318083333333333}