{"RMSE_loss": 3.9476475715637207, "R^2 score": -1.9783580303192139, "training_duration": 0.757313, "inference_latency": 0.00022984999999999998}