{"RMSE_loss": 2.3607301712036133, "R^2 score": -0.1886240541934967, "training_duration": 0.895085, "inference_latency": 0.00020622499999999998}