{"RMSE_loss": 3.552260398864746, "R^2 score": -1.4255592823028564, "training_duration": 1.110233, "inference_latency": 0.00022994999999999995}