{"RMSE_loss": 6.137358665466309, "R^2 score": -6900.068359375, "training_duration": 10.638162, "inference_latency": 0.00018254333333333358}