{"RMSE_loss": 99.54290008544922, "R^2 score": 0.2670470178127289, "training_duration": 11.50583, "inference_latency": 0.0002806516666666666}