{"RMSE_loss": 109.6361312866211, "R^2 score": 0.1799170970916748, "training_duration": 10.212483, "inference_latency": 0.00016043999999999979}