{"RMSE_loss": 1.3970445394515991, "R^2 score": -26.445310592651367, "training_duration": 10.235451, "inference_latency": 0.0002291316666666664}