{"RMSE_loss": 4.451688289642334, "R^2 score": -2.9142348766326904, "training_duration": 1.057674, "inference_latency": 0.00026926666666666674}