{"RMSE_loss": 4.65816593170166, "R^2 score": -3.2607054710388184, "training_duration": 0.862456, "inference_latency": 0.0008688250000000002}