{"RMSE_loss": 3.060608148574829, "R^2 score": -1.0138508081436157, "training_duration": 0.805056, "inference_latency": 0.00033685}