{"RMSE_loss": 3.732909917831421, "R^2 score": -1.661889672279358, "training_duration": 1.062824, "inference_latency": 0.0002156166666666667}