{"RMSE_loss": 4.166883945465088, "R^2 score": -2.0079550743103027, "training_duration": 0.789124, "inference_latency": 0.00029039999999999996}