{"RMSE_loss": 2.7161800861358643, "R^2 score": -0.2791457772254944, "training_duration": 0.806, "inference_latency": 0.000260925}