{"RMSE_loss": 4.667169570922852, "R^2 score": -3.0983824729919434, "training_duration": 1.16816, "inference_latency": 0.00030730000000000004}