{"RMSE_loss": 119.31541442871094, "R^2 score": -0.08245530724525452, "training_duration": 11.044653, "inference_latency": 0.00029283166666666677}