{"RMSE_loss": 2.3575446605682373, "R^2 score": -0.14453287422657013, "training_duration": 0.767866, "inference_latency": 0.00017640000000000003}