{"RMSE_loss": 129.40948486328125, "R^2 score": -0.05081313103437424, "training_duration": 10.436511, "inference_latency": 0.00023416333333333336}