{"RMSE_loss": 194.61341857910156, "R^2 score": -1.6041710376739502, "training_duration": 11.482289, "inference_latency": 0.00030107333333333317}