{"RMSE_loss": 190.18728637695312, "R^2 score": -1.3005448579788208, "training_duration": 10.469971, "inference_latency": 0.00025988333333333373}