{"RMSE_loss": 4.493008613586426, "R^2 score": -3.0024259090423584, "training_duration": 0.907578, "inference_latency": 0.0014747249999999996}