{"RMSE_loss": 2.4288573265075684, "R^2 score": -0.15790502727031708, "training_duration": 1.066175, "inference_latency": 0.0002166666666666666}