{"RMSE_loss": 2.766030788421631, "R^2 score": -0.28092023730278015, "training_duration": 0.777545, "inference_latency": 0.00024497500000000003}