{"RMSE_loss": 5.58740234375, "R^2 score": -7.917778491973877, "training_duration": 1.073692, "inference_latency": 0.0002571666666666666}