{"RMSE_loss": 4.6259284019470215, "R^2 score": -2.9455132484436035, "training_duration": 1.128953, "inference_latency": 0.00021402499999999998}