{"RMSE_loss": 3.249727487564087, "R^2 score": -1.279339075088501, "training_duration": 11.04032, "inference_latency": 0.00021962999999999993}