{"RMSE_loss": 1.3265680074691772, "R^2 score": -18.954139709472656, "training_duration": 10.638378, "inference_latency": 0.0002415250000000004}