{"RMSE_loss": 5.239017963409424, "R^2 score": -3.78678822517395, "training_duration": 0.776365, "inference_latency": 0.00029447499999999993}