{"RMSE_loss": 6.406294822692871, "R^2 score": -6.187263011932373, "training_duration": 0.78776, "inference_latency": 0.00024132499999999997}