{"RMSE_loss": 202.3678436279297, "R^2 score": -1.5065838098526, "training_duration": 1.130006, "inference_latency": 0.00037968333333333334}