{"RMSE_loss": 194.95420837402344, "R^2 score": -1.7786016464233398, "training_duration": 11.36, "inference_latency": 0.00041049000000000055}