{"RMSE_loss": 3.6971275806427, "R^2 score": -1.2747784852981567, "training_duration": 0.823774, "inference_latency": 0.00024144999999999996}