{"RMSE_loss": 2.8775904178619385, "R^2 score": -1.0171291828155518, "training_duration": 1.048041, "inference_latency": 0.0002226666666666667}