{"RMSE_loss": 4.671658992767334, "R^2 score": -3.0909132957458496, "training_duration": 1.072192, "inference_latency": 0.0001609833333333333}