{"RMSE_loss": 0.8518026471138, "R^2 score": 0.3117174506187439, "training_duration": 11.000396, "inference_latency": 0.00025081833333333325}