{"RMSE_loss": 5.736539363861084, "R^2 score": -5.15961217880249, "training_duration": 1.07862, "inference_latency": 0.00020243333333333328}