{"RMSE_loss": 1.475581169128418, "R^2 score": -0.20122696459293365, "training_duration": 10.575343, "inference_latency": 0.000323568333333333}