{"RMSE_loss": 3.98081636428833, "R^2 score": -1.8171617984771729, "training_duration": 1.097166, "inference_latency": 0.00019973333333333335}