{"RMSE_loss": 0.6941334009170532, "R^2 score": -1.1504024267196655, "training_duration": 11.074658, "inference_latency": 0.00027013499999999996}