{"RMSE_loss": 3.302560806274414, "R^2 score": -0.8570830225944519, "training_duration": 0.800932, "inference_latency": 0.00025382499999999995}