{"RMSE_loss": 169.4461212158203, "R^2 score": -0.9263677000999451, "training_duration": 10.674866, "inference_latency": 0.00025771833333333293}