{"RMSE_loss": 4.487529754638672, "R^2 score": -2.3615832328796387, "training_duration": 0.764454, "inference_latency": 0.00021314999999999998}