{"RMSE_loss": 199.8047332763672, "R^2 score": -1.6402140855789185, "training_duration": 10.591677, "inference_latency": 0.00026626}