{"RMSE_loss": 4.14349365234375, "R^2 score": -1.985205888748169, "training_duration": 0.775702, "inference_latency": 0.00025829999999999994}