{"RMSE_loss": 183.1672821044922, "R^2 score": -1.2064173221588135, "training_duration": 10.451505, "inference_latency": 0.00014087833333333347}