{"RMSE_loss": 4.544408798217773, "R^2 score": -3.1989047527313232, "training_duration": 0.772108, "inference_latency": 0.00030587500000000005}