{"RMSE_loss": 4.926098346710205, "R^2 score": -3.2127420902252197, "training_duration": 1.04507, "inference_latency": 0.00022728333333333335}