{"RMSE_loss": 186.55857849121094, "R^2 score": -1.5063796043395996, "training_duration": 10.248016, "inference_latency": 0.0002307200000000001}