{"RMSE_loss": 3.7771918773651123, "R^2 score": -1524.602294921875, "training_duration": 10.487541, "inference_latency": 0.00024165666666666665}