{"RMSE_loss": 2.491347074508667, "R^2 score": -0.20140790939331055, "training_duration": 0.760695, "inference_latency": 0.00025215000000000003}