{"RMSE_loss": 8.317145347595215, "R^2 score": -10.921891212463379, "training_duration": 1.022023, "inference_latency": 0.00016928333333333332}