{"RMSE_loss": 182.85589599609375, "R^2 score": -1.3261243104934692, "training_duration": 10.580575, "inference_latency": 0.0002022483333333333}