{"RMSE_loss": 2.461164951324463, "R^2 score": -0.2788819968700409, "training_duration": 1.024365, "inference_latency": 0.00014286666666666662}