{"RMSE_loss": 0.6936075687408447, "R^2 score": 0.3471384048461914, "training_duration": 10.915305, "inference_latency": 0.00027351666666666644}