{"RMSE_loss": 4.305428504943848, "R^2 score": -2.2407479286193848, "training_duration": 0.773299, "inference_latency": 0.00027539999999999997}