{"RMSE_loss": 5.374927043914795, "R^2 score": -4.054778575897217, "training_duration": 0.787476, "inference_latency": 0.000298175}