{"RMSE_loss": 2.437497854232788, "R^2 score": -0.16878561675548553, "training_duration": 10.818957, "inference_latency": 0.00020211499999999986}