{"RMSE_loss": 122.3718490600586, "R^2 score": -0.03856904059648514, "training_duration": 10.014209, "inference_latency": 0.00019968166666666686}