{"RMSE_loss": 2.888512134552002, "R^2 score": -0.5162656903266907, "training_duration": 1.047137, "inference_latency": 0.00022173333333333335}