{"RMSE_loss": 2.4178531169891357, "R^2 score": -0.04062085598707199, "training_duration": 1.034658, "inference_latency": 0.0002659666666666667}