{"RMSE_loss": 2.533198356628418, "R^2 score": -0.23029762506484985, "training_duration": 11.474091, "inference_latency": 0.00018917833333333326}