{"RMSE_loss": 198.13143920898438, "R^2 score": -1.5370917320251465, "training_duration": 10.578275, "inference_latency": 0.00015318333333333342}