{"RMSE_loss": 4.649465084075928, "R^2 score": -2.5604817867279053, "training_duration": 0.793979, "inference_latency": 0.00023782500000000005}