{"RMSE_loss": 1.3452234268188477, "R^2 score": -0.02641689032316208, "training_duration": 10.338764, "inference_latency": 0.0001609316666666666}