{"RMSE_loss": 0.5655640959739685, "R^2 score": 0.3939494490623474, "training_duration": 10.430842, "inference_latency": 0.00019741500000000026}