{"RMSE_loss": 2.1712310314178467, "R^2 score": 0.08910838514566422, "training_duration": 1.070201, "inference_latency": 0.0003026499999999998}