{"RMSE_loss": 1.350305199623108, "R^2 score": -0.0039253924041986465, "training_duration": 10.742166, "inference_latency": 0.00027725999999999993}