{"RMSE_loss": 200.55714416503906, "R^2 score": -1.6299954652786255, "training_duration": 10.37214, "inference_latency": 0.0002527466666666671}