{"RMSE_loss": 3.973111391067505, "R^2 score": -1.7662385702133179, "training_duration": 0.769436, "inference_latency": 0.00025295}