{"RMSE_loss": 3.030087471008301, "R^2 score": -0.9957935214042664, "training_duration": 7.847462, "inference_latency": 0.00026470499999999995}