{"RMSE_loss": 2.9974238872528076, "R^2 score": -0.5729586482048035, "training_duration": 1.071247, "inference_latency": 0.00026215}