{"RMSE_loss": 2.69228196144104, "R^2 score": -0.32822906970977783, "training_duration": 1.078385, "inference_latency": 0.00013858333333333336}