{"RMSE_loss": 2.093430995941162, "R^2 score": 0.16718991100788116, "training_duration": 10.467113, "inference_latency": 0.000216955}