{"RMSE_loss": 151.1961669921875, "R^2 score": -0.47204166650772095, "training_duration": 10.058952, "inference_latency": 0.00015748666666666664}