{"RMSE_loss": 1.486215353012085, "R^2 score": 0.26498687267303467, "training_duration": 10.253813, "inference_latency": 0.00020392666666666653}