{"RMSE_loss": 175.72384643554688, "R^2 score": -0.9863125681877136, "training_duration": 10.706919, "inference_latency": 0.00023168833333333334}