{"RMSE_loss": 1.098177433013916, "R^2 score": -0.08567697554826736, "training_duration": 10.553652, "inference_latency": 0.0002673683333333338}