{"RMSE_loss": 118.00907897949219, "R^2 score": 0.1360001266002655, "training_duration": 10.547524, "inference_latency": 0.00029622666666666677}