{"RMSE_loss": 111.52741241455078, "R^2 score": 0.2410091906785965, "training_duration": 10.505402, "inference_latency": 0.000305175}