{"RMSE_loss": 2.776268482208252, "R^2 score": -0.29363059997558594, "training_duration": 0.795709, "inference_latency": 0.00021945}