{"RMSE_loss": 2.8498570919036865, "R^2 score": -0.7751343846321106, "training_duration": 0.760209, "inference_latency": 0.00027039999999999996}