{"RMSE_loss": 5.253469467163086, "R^2 score": -4.2827348709106445, "training_duration": 1.099217, "inference_latency": 0.00015988333333333333}