{"RMSE_loss": 2.4170498847961426, "R^2 score": -0.07422396540641785, "training_duration": 14.152723, "inference_latency": 0.0014262166666666664}