{"RMSE_loss": 4.394278049468994, "R^2 score": -2.5637905597686768, "training_duration": 1.106006, "inference_latency": 0.0001847666666666667}