{"RMSE_loss": 1.0544495582580566, "R^2 score": -0.08792436867952347, "training_duration": 10.617668, "inference_latency": 0.0002716449999999998}