{"RMSE_loss": 194.4328155517578, "R^2 score": -1.565334677696228, "training_duration": 11.187635, "inference_latency": 0.00030599833333333254}