{"RMSE_loss": 3.1339542865753174, "R^2 score": -0.9254158735275269, "training_duration": 11.913548, "inference_latency": 0.0009829600000000002}