{"RMSE_loss": 2.9489595890045166, "R^2 score": -1.1300206184387207, "training_duration": 7.627127, "inference_latency": 0.00019811249999999994}