{"RMSE_loss": 2.8971800804138184, "R^2 score": -0.4255805015563965, "training_duration": 0.833157, "inference_latency": 0.00017424999999999998}