{"RMSE_loss": 3.0078606605529785, "R^2 score": -0.7940977811813354, "training_duration": 1.079858, "inference_latency": 0.00020422500000000007}