{"RMSE_loss": 4.831940650939941, "R^2 score": -3.619253396987915, "training_duration": 1.05695, "inference_latency": 0.00027253333333333336}