{"RMSE_loss": 3.9753429889678955, "R^2 score": -2.2255516052246094, "training_duration": 0.913989, "inference_latency": 0.0008155}