{"RMSE_loss": 199.83692932128906, "R^2 score": -1.6667125225067139, "training_duration": 10.251627, "inference_latency": 0.00015579500000000013}