{"RMSE_loss": 198.56858825683594, "R^2 score": -1.468114972114563, "training_duration": 10.490402, "inference_latency": 0.00027348166666666676}