{"RMSE_loss": 139.9197998046875, "R^2 score": -0.22806015610694885, "training_duration": 10.404562, "inference_latency": 0.0002600100000000001}