{"RMSE_loss": 1.2789616584777832, "R^2 score": 0.6046695709228516, "training_duration": 10.693789, "inference_latency": 0.00012373833333333343}