{"RMSE_loss": 105.29476165771484, "R^2 score": 0.21128249168395996, "training_duration": 10.4561, "inference_latency": 0.00026417500000000007}