{"RMSE_loss": 3.6956980228424072, "R^2 score": -1.6138584613800049, "training_duration": 1.085372, "inference_latency": 0.00019184999999999997}