{"RMSE_loss": 5.152054786682129, "R^2 score": -4.073127269744873, "training_duration": 1.088699, "inference_latency": 0.0001883666666666667}