{"RMSE_loss": 7.191004753112793, "R^2 score": -8.464794158935547, "training_duration": 1.042165, "inference_latency": 0.00021320000000000003}