{"RMSE_loss": 4.490642070770264, "R^2 score": -2.9982762336730957, "training_duration": 0.917687, "inference_latency": 0.001280325}