{"RMSE_loss": 123.02157592773438, "R^2 score": 0.08132848888635635, "training_duration": 10.420762, "inference_latency": 0.0002439583333333332}