{"RMSE_loss": 4.910222053527832, "R^2 score": -3.2073001861572266, "training_duration": 0.775054, "inference_latency": 0.00026207500000000007}