{"RMSE_loss": 4.137019634246826, "R^2 score": -2.1845273971557617, "training_duration": 1.110137, "inference_latency": 0.0002149333333333333}