{"RMSE_loss": 4.2215895652771, "R^2 score": -2.360452890396118, "training_duration": 1.101103, "inference_latency": 0.0001924166666666667}