{"RMSE_loss": 1.4416399002075195, "R^2 score": 0.572577714920044, "training_duration": 10.574241, "inference_latency": 0.00018978166666666675}