{"RMSE_loss": 1.2266418933868408, "R^2 score": 0.6818577647209167, "training_duration": 11.099001, "inference_latency": 0.00020930333333333358}