{"RMSE_loss": 2.4385828971862793, "R^2 score": -0.23116222023963928, "training_duration": 0.759461, "inference_latency": 0.00024207500000000002}