{"RMSE_loss": 5.072667598724365, "R^2 score": -3.7003097534179688, "training_duration": 1.035465, "inference_latency": 0.00021281666666666664}