{"RMSE_loss": 197.79739379882812, "R^2 score": -1.6332504749298096, "training_duration": 10.781102, "inference_latency": 0.00031399333333333363}