{"RMSE_loss": 139.9793243408203, "R^2 score": -0.4861544668674469, "training_duration": 10.203586, "inference_latency": 0.00024156500000000006}