{"RMSE_loss": 4.49462366104126, "R^2 score": -2.7703542709350586, "training_duration": 1.110245, "inference_latency": 0.00018575}