{"RMSE_loss": 113.82171630859375, "R^2 score": 0.16204047203063965, "training_duration": 10.250157, "inference_latency": 0.00013320333333333333}