{"RMSE_loss": 1.282554268836975, "R^2 score": -1.1792480945587158, "training_duration": 10.466713, "inference_latency": 0.0001800716666666667}