{"RMSE_loss": 3.083761692047119, "R^2 score": -0.7107405066490173, "training_duration": 1.034225, "inference_latency": 0.00019234999999999996}