{"RMSE_loss": 3.110643148422241, "R^2 score": -1.0263001918792725, "training_duration": 0.800737, "inference_latency": 0.00026087499999999993}