{"RMSE_loss": 100.2084732055664, "R^2 score": 0.26043859124183655, "training_duration": 10.466589, "inference_latency": 0.00021955833333333323}