{"RMSE_loss": 7.838008403778076, "R^2 score": -10.04383373260498, "training_duration": 1.021447, "inference_latency": 0.00018036666666666664}