{"RMSE_loss": 2.180891513824463, "R^2 score": 0.05703219026327133, "training_duration": 0.785422, "inference_latency": 0.00026455}