{"RMSE_loss": 3.9531967639923096, "R^2 score": -1.7301890850067139, "training_duration": 1.009396, "inference_latency": 0.0001861166666666667}