{"RMSE_loss": 1.2670074701309204, "R^2 score": -7.841080665588379, "training_duration": 10.919882, "inference_latency": 0.00020261000000000004}