{"RMSE_loss": 195.38623046875, "R^2 score": -1.652350664138794, "training_duration": 10.395717, "inference_latency": 0.00022046999999999993}