{"RMSE_loss": 4.023694038391113, "R^2 score": -1.816057801246643, "training_duration": 0.784353, "inference_latency": 0.000254075}