{"RMSE_loss": 3.1215813159942627, "R^2 score": -0.8622198104858398, "training_duration": 1.080121, "inference_latency": 0.00018261666666666667}