{"RMSE_loss": 136.96160888671875, "R^2 score": -0.20460063219070435, "training_duration": 11.20911, "inference_latency": 0.0006954900000000009}