{"RMSE_loss": 2.444326877593994, "R^2 score": 0.008883273229002953, "training_duration": 0.797758, "inference_latency": 0.0002211249999999999}