{"RMSE_loss": 3.842708110809326, "R^2 score": -1.772575855255127, "training_duration": 1.076756, "inference_latency": 0.00018074999999999998}