{"RMSE_loss": 186.46986389160156, "R^2 score": -1.1728522777557373, "training_duration": 10.420306, "inference_latency": 0.0002228733333333333}