{"RMSE_loss": 2.3746261596679688, "R^2 score": -0.17332272231578827, "training_duration": 0.75391, "inference_latency": 0.00019287499999999996}