{"RMSE_loss": 8.728684425354004, "R^2 score": -99.88740539550781, "training_duration": 10.380931, "inference_latency": 0.00022102500000000015}