{"RMSE_loss": 4.565893173217773, "R^2 score": -2.6440787315368652, "training_duration": 0.791374, "inference_latency": 0.00026834999999999994}