{"RMSE_loss": 4.631855487823486, "R^2 score": -3.194387912750244, "training_duration": 0.957808, "inference_latency": 0.00102375}