{"RMSE_loss": 0.5648415088653564, "R^2 score": 0.40202152729034424, "training_duration": 10.445557, "inference_latency": 0.00021700666666666645}