{"RMSE_loss": 109.58355712890625, "R^2 score": 0.2531573474407196, "training_duration": 10.380583, "inference_latency": 0.00024794000000000015}