{"RMSE_loss": 1.4409985542297363, "R^2 score": 0.5712441802024841, "training_duration": 10.695462, "inference_latency": 0.0001593299999999999}