{"RMSE_loss": 1.603557825088501, "R^2 score": -0.4238783121109009, "training_duration": 11.302301, "inference_latency": 0.0002781283333333333}