{"RMSE_loss": 9.725677490234375, "R^2 score": -27120.1875, "training_duration": 10.633504, "inference_latency": 0.000228826666666667}