{"RMSE_loss": 1.3806662559509277, "R^2 score": -0.08460696786642075, "training_duration": 10.29146, "inference_latency": 0.00023975666666666668}