{"RMSE_loss": 5.229309558868408, "R^2 score": -3.80045485496521, "training_duration": 1.158824, "inference_latency": 0.00022634999999999997}