{"RMSE_loss": 206.11863708496094, "R^2 score": -1.5400595664978027, "training_duration": 1.116777, "inference_latency": 0.00021003333333333333}