{"RMSE_loss": 1.637611746788025, "R^2 score": -0.6385770440101624, "training_duration": 10.946565, "inference_latency": 0.00019479833333333344}