{"RMSE_loss": 4.780991554260254, "R^2 score": -2.8044331073760986, "training_duration": 0.805612, "inference_latency": 0.00024455}