{"RMSE_loss": 113.18244934082031, "R^2 score": 0.2065216302871704, "training_duration": 10.416421, "inference_latency": 0.0002795366666666664}