{"RMSE_loss": 1.504873514175415, "R^2 score": 0.5067668557167053, "training_duration": 12.173966, "inference_latency": 0.0007673950000000004}