{"RMSE_loss": 7.213547706604004, "R^2 score": -8.07886791229248, "training_duration": 0.823249, "inference_latency": 0.00026947500000000003}