{"RMSE_loss": 4.639307498931885, "R^2 score": -2.8159279823303223, "training_duration": 1.062711, "inference_latency": 0.00024703333333333334}