{"RMSE_loss": 108.39022064208984, "R^2 score": 0.1437980979681015, "training_duration": 10.609744, "inference_latency": 0.00022367166666666666}