{"RMSE_loss": 110.40558624267578, "R^2 score": 0.12458493560552597, "training_duration": 11.186264, "inference_latency": 0.0003006550000000002}