{"RMSE_loss": 194.57386779785156, "R^2 score": -1.627630352973938, "training_duration": 11.832498, "inference_latency": 0.00031061499999999976}