{"RMSE_loss": 4.70037841796875, "R^2 score": -3.8183999061584473, "training_duration": 1.047353, "inference_latency": 0.00020424999999999995}