{"RMSE_loss": 1.2079014778137207, "R^2 score": 0.6918390393257141, "training_duration": 10.748675, "inference_latency": 0.00020600166666666657}