{"RMSE_loss": 2.8251335620880127, "R^2 score": -0.6696770787239075, "training_duration": 1.053563, "inference_latency": 0.00021988333333333333}