{"RMSE_loss": 8.441004753112793, "R^2 score": -13.374634742736816, "training_duration": 7.595786, "inference_latency": 0.0002406475000000001}