{"RMSE_loss": 4.816780090332031, "R^2 score": -3.1288912296295166, "training_duration": 1.037424, "inference_latency": 0.00021978333333333344}