{"RMSE_loss": 183.39846801757812, "R^2 score": -1.2076735496520996, "training_duration": 10.146161, "inference_latency": 0.00015972}