{"RMSE_loss": 3.406818151473999, "R^2 score": -14.762561798095703, "training_duration": 10.580626, "inference_latency": 0.00019627833333333322}