{"RMSE_loss": 2.077826499938965, "R^2 score": 0.2016310691833496, "training_duration": 1.086405, "inference_latency": 0.00014178333333333336}