{"RMSE_loss": 201.43258666992188, "R^2 score": -1.5125740766525269, "training_duration": 10.235219, "inference_latency": 0.00022707833333333315}