{"RMSE_loss": 2.392928123474121, "R^2 score": -0.4092228412628174, "training_duration": 0.748509, "inference_latency": 0.0001716}