{"RMSE_loss": 194.5536651611328, "R^2 score": -1.692717432975769, "training_duration": 10.525894, "inference_latency": 0.000254535}