{"RMSE_loss": 204.1399688720703, "R^2 score": -1.5763851404190063, "training_duration": 1.176041, "inference_latency": 0.00037880000000000005}