{"RMSE_loss": 1.4577006101608276, "R^2 score": -0.7070300579071045, "training_duration": 10.478614, "inference_latency": 0.00025466000000000014}