{"RMSE_loss": 3.763845682144165, "R^2 score": -1.7720602750778198, "training_duration": 1.127593, "inference_latency": 0.00024690000000000004}