{"RMSE_loss": 4.300329208374023, "R^2 score": -2.05769681930542, "training_duration": 0.799229, "inference_latency": 0.00027185}