{"RMSE_loss": 3.772456645965576, "R^2 score": -1.8722984790802002, "training_duration": 0.802354, "inference_latency": 0.00024440000000000014}