{"RMSE_loss": 2.6928982734680176, "R^2 score": -0.3827582001686096, "training_duration": 1.006433, "inference_latency": 0.00019105}