{"RMSE_loss": 120.29521942138672, "R^2 score": -0.050452448427677155, "training_duration": 10.383189, "inference_latency": 0.00018794333333333328}