{"RMSE_loss": 4.789979934692383, "R^2 score": -10016.759765625, "training_duration": 10.556402, "inference_latency": 0.00030019166666666675}