{"RMSE_loss": 1.6262705326080322, "R^2 score": -10.236851692199707, "training_duration": 10.428934, "inference_latency": 0.00028038333333333336}