{"RMSE_loss": 5.7363691329956055, "R^2 score": -5.257627487182617, "training_duration": 1.020778, "inference_latency": 0.0002473666666666666}