{"RMSE_loss": 7.4933671951293945, "R^2 score": -9.181278228759766, "training_duration": 0.772437, "inference_latency": 0.00026382500000000003}