{"RMSE_loss": 110.54503631591797, "R^2 score": 0.2534872591495514, "training_duration": 10.211469, "inference_latency": 0.00024009333333333335}