{"RMSE_loss": 201.36483764648438, "R^2 score": -1.5544804334640503, "training_duration": 10.459532, "inference_latency": 0.0001880199999999998}