{"RMSE_loss": 2.1768157482147217, "R^2 score": 0.05601666122674942, "training_duration": 0.775415, "inference_latency": 0.0002631999999999999}