{"RMSE_loss": 4.442958354949951, "R^2 score": -2.4664289951324463, "training_duration": 1.066119, "inference_latency": 0.00023056666666666662}