{"RMSE_loss": 4.560600757598877, "R^2 score": -2.8314120769500732, "training_duration": 1.028154, "inference_latency": 0.00024818333333333334}