{"RMSE_loss": 2.54036283493042, "R^2 score": -0.40961796045303345, "training_duration": 0.762897, "inference_latency": 0.000184175}