{"RMSE_loss": 2.7293479442596436, "R^2 score": -0.47969669103622437, "training_duration": 1.052826, "inference_latency": 0.0001845833333333333}