{"RMSE_loss": 1.3634819984436035, "R^2 score": -0.013365885242819786, "training_duration": 10.133573, "inference_latency": 0.00023839166666666666}