{"RMSE_loss": 107.38045501708984, "R^2 score": 0.14122945070266724, "training_duration": 10.710526, "inference_latency": 0.00023618}