{"RMSE_loss": 200.24241638183594, "R^2 score": -1.5062260627746582, "training_duration": 10.188358, "inference_latency": 0.0001570916666666667}