{"RMSE_loss": 5.551933765411377, "R^2 score": -4.251685619354248, "training_duration": 1.039268, "inference_latency": 0.00019426666666666668}