{"RMSE_loss": 148.8047332763672, "R^2 score": -0.5981543064117432, "training_duration": 10.459087, "inference_latency": 0.000249775}