{"RMSE_loss": 4.536995887756348, "R^2 score": -3.0860788822174072, "training_duration": 0.896665, "inference_latency": 0.0007608500000000001}