{"RMSE_loss": 124.06340789794922, "R^2 score": -0.13568352162837982, "training_duration": 10.156301, "inference_latency": 0.00023098666666666648}