{"RMSE_loss": 198.57518005371094, "R^2 score": -1.540246844291687, "training_duration": 10.248382, "inference_latency": 0.0001389566666666667}