{"RMSE_loss": 4.910096168518066, "R^2 score": -3.0888853073120117, "training_duration": 0.815075, "inference_latency": 0.000197225}