{"RMSE_loss": 4.670112609863281, "R^2 score": -3.076603651046753, "training_duration": 1.041241, "inference_latency": 0.0002706333333333333}