{"RMSE_loss": 6.038126468658447, "R^2 score": -5.432839870452881, "training_duration": 1.017607, "inference_latency": 0.0002068666666666666}