{"RMSE_loss": 156.19361877441406, "R^2 score": -0.5468841791152954, "training_duration": 10.374136, "inference_latency": 0.0002255133333333335}