{"RMSE_loss": 131.70433044433594, "R^2 score": -0.06799779832363129, "training_duration": 10.780602, "inference_latency": 0.0002278216666666665}