{"RMSE_loss": 198.28482055664062, "R^2 score": -1.6528651714324951, "training_duration": 1.336699, "inference_latency": 0.0008224000000000003}