{"RMSE_loss": 2.026923418045044, "R^2 score": 0.20537376403808594, "training_duration": 11.188986, "inference_latency": 0.0002900983333333336}