{"RMSE_loss": 0.7293159365653992, "R^2 score": -3.468733310699463, "training_duration": 10.491624, "inference_latency": 0.0002230250000000002}