{"RMSE_loss": 100.22315979003906, "R^2 score": 0.2709070146083832, "training_duration": 10.820546, "inference_latency": 0.0005921983333333329}