{"RMSE_loss": 138.0756378173828, "R^2 score": -0.522868275642395, "training_duration": 10.455116, "inference_latency": 0.0004259050000000003}