{"RMSE_loss": 4.122576713562012, "R^2 score": -1.8080545663833618, "training_duration": 0.787567, "inference_latency": 0.00022070000000000002}