{"RMSE_loss": 1.4424046277999878, "R^2 score": -0.21243906021118164, "training_duration": 10.614671, "inference_latency": 0.0002863033333333331}