{"validation_score": -1.577101315892499e+25, "R^2_score_train": -9.28928066917792, "RMSE_train": 8835823681913.365, "R^2_score_test": -8.616143690849587, "RMSE_test": 8179482587445.081, "R^2_score_validation": -6.936068938116534, "RMSE_validation": 8247807789349.895}