{"validation_score": -0.16929670133156008, "R^2_score": 0.7364057910030806, "RMSE": 0.5188375131088503}