{"RMSE_loss": 2.4877312183380127, "R^2 score": -0.3088802397251129, "training_duration": 1.080765, "inference_latency": 0.0002261833333333333}