{"RMSE_loss": 5.109809398651123, "R^2 score": -3.639937162399292, "training_duration": 1.095742, "inference_latency": 0.00018618333333333332}