{"RMSE_loss": 10.202533721923828, "R^2 score": -17.210603713989258, "training_duration": 0.75341, "inference_latency": 0.000214775}