{"RMSE_loss": 1.3074066638946533, "R^2 score": 0.6016026735305786, "training_duration": 10.472574, "inference_latency": 0.00023939166666666655}