{"RMSE_loss": 5.189124584197998, "R^2 score": -3.6797664165496826, "training_duration": 0.854916, "inference_latency": 0.0009006999999999999}