{"RMSE_loss": 122.67027282714844, "R^2 score": -0.13232247531414032, "training_duration": 10.191157, "inference_latency": 0.00021338499999999988}