{"RMSE_loss": 205.79287719726562, "R^2 score": -1.4836715459823608, "training_duration": 1.222981, "inference_latency": 0.0003701666666666668}