{"RMSE_loss": 4.4244561195373535, "R^2 score": -2.349433183670044, "training_duration": 1.043265, "inference_latency": 0.00019241666666666666}