{"RMSE_loss": 3.784316301345825, "R^2 score": -1.7273279428482056, "training_duration": 1.092311, "inference_latency": 0.00019693333333333334}