{"RMSE_loss": 2.9195868968963623, "R^2 score": -0.7946223020553589, "training_duration": 1.052843, "inference_latency": 0.00020276666666666673}