{"RMSE_loss": 4.516398906707764, "R^2 score": -2.8689067363739014, "training_duration": 1.077638, "inference_latency": 0.00017475}