{"RMSE_loss": 2.090632915496826, "R^2 score": 0.13474954664707184, "training_duration": 12.15447, "inference_latency": 0.0008644650000000004}