{"RMSE_loss": 1.971562147140503, "R^2 score": -6.93739652633667, "training_duration": 10.542904, "inference_latency": 0.00021288166666666677}