{"RMSE_loss": 194.86410522460938, "R^2 score": -1.576843023300171, "training_duration": 10.451107, "inference_latency": 0.00021767999999999996}