{"RMSE_loss": 181.46568298339844, "R^2 score": -1.3459287881851196, "training_duration": 10.049272, "inference_latency": 0.00021892833333333334}