{"RMSE_loss": 1.480339527130127, "R^2 score": -1.639958143234253, "training_duration": 10.58264, "inference_latency": 0.00023956166666666643}