{"RMSE_loss": 193.5693817138672, "R^2 score": -1.6575398445129395, "training_duration": 10.242987, "inference_latency": 0.00021798833333333347}