{"RMSE_loss": 4.676736354827881, "R^2 score": -3.244499921798706, "training_duration": 1.078838, "inference_latency": 0.00014906666666666667}