{"RMSE_loss": 5.060065746307373, "R^2 score": -3.5460610389709473, "training_duration": 1.08949, "inference_latency": 0.0001943333333333333}