{"RMSE_loss": 2.3948326110839844, "R^2 score": -0.19461005926132202, "training_duration": 10.776849, "inference_latency": 0.00033950833333333346}