{"RMSE_loss": 4.210419654846191, "R^2 score": -2.4470903873443604, "training_duration": 0.776922, "inference_latency": 0.00017634999999999998}