{"RMSE_loss": 124.14020538330078, "R^2 score": -0.14768819510936737, "training_duration": 10.186202, "inference_latency": 0.00021928666666666666}