{"RMSE_loss": 98.61929321289062, "R^2 score": 0.2754249572753906, "training_duration": 10.355259, "inference_latency": 0.00020912}