{"RMSE_loss": 1.0551785230636597, "R^2 score": -0.11147014796733856, "training_duration": 10.833696, "inference_latency": 0.00018332833333333337}