{"RMSE_loss": 3.001847267150879, "R^2 score": -33.260135650634766, "training_duration": 10.842655, "inference_latency": 0.00019688000000000013}