{"RMSE_loss": 2.0615339279174805, "R^2 score": 0.13889488577842712, "training_duration": 11.448414, "inference_latency": 0.000264721666666667}