{"RMSE_loss": 3.4668326377868652, "R^2 score": -1.9524033069610596, "training_duration": 0.750145, "inference_latency": 0.0002052}