{"RMSE_loss": 3.4643607139587402, "R^2 score": -1.4592077732086182, "training_duration": 0.750095, "inference_latency": 0.00022705}