{"RMSE_loss": 2.6087663173675537, "R^2 score": -0.2986730635166168, "training_duration": 1.065056, "inference_latency": 0.00019728333333333327}