{"RMSE_loss": 2.3728983402252197, "R^2 score": -0.15365907549858093, "training_duration": 0.809994, "inference_latency": 0.00022850000000000005}