{"RMSE_loss": 108.50849914550781, "R^2 score": 0.22796955704689026, "training_duration": 10.628704, "inference_latency": 0.00019734666666666693}