{"RMSE_loss": 200.8329315185547, "R^2 score": -1.6976863145828247, "training_duration": 1.109655, "inference_latency": 0.00022361666666666672}