{"RMSE_loss": 3.5598537921905518, "R^2 score": -1.5997642278671265, "training_duration": 1.01194, "inference_latency": 0.0001752}