{"RMSE_loss": 7.754630088806152, "R^2 score": -10.353678703308105, "training_duration": 1.117088, "inference_latency": 0.00014534999999999996}