{"RMSE_loss": 2.4847216606140137, "R^2 score": -0.24866081774234772, "training_duration": 1.038887, "inference_latency": 0.0002064}