{"RMSE_loss": 1.8153363466262817, "R^2 score": 0.3500773012638092, "training_duration": 11.162629, "inference_latency": 0.0005341749999999997}