{"RMSE_loss": 1.6564031839370728, "R^2 score": 0.4118157625198364, "training_duration": 12.723767, "inference_latency": 0.0009081899999999995}