{"RMSE_loss": 3.138298273086548, "R^2 score": -0.8444893956184387, "training_duration": 1.091912, "inference_latency": 0.00017875000000000004}