{"RMSE_loss": 4.400458812713623, "R^2 score": -2.9647574424743652, "training_duration": 8.034219, "inference_latency": 0.00025950500000000015}