{"RMSE_loss": 4.905582427978516, "R^2 score": -3.0027413368225098, "training_duration": 0.790671, "inference_latency": 0.00023654999999999995}