{"RMSE_loss": 4.681220054626465, "R^2 score": -2.759244203567505, "training_duration": 1.055689, "inference_latency": 0.00021368333333333331}