{"RMSE_loss": 2.161513566970825, "R^2 score": 0.14798226952552795, "training_duration": 1.560165, "inference_latency": 0.00027783333333333333}