{"RMSE_loss": 2.6625711917877197, "R^2 score": -0.19662591814994812, "training_duration": 1.116535, "inference_latency": 0.000239075}