{"RMSE_loss": 4.864274501800537, "R^2 score": -3.269540309906006, "training_duration": 1.121161, "inference_latency": 0.00024661666666666665}