{"RMSE_loss": 2.2814629077911377, "R^2 score": -0.6519084572792053, "training_duration": 10.335329, "inference_latency": 0.0001958183333333333}