{"RMSE_loss": 194.05113220214844, "R^2 score": -1.5958995819091797, "training_duration": 10.751508, "inference_latency": 0.00030172333333333326}