{"RMSE_loss": 5.601194381713867, "R^2 score": -5.358351230621338, "training_duration": 0.799375, "inference_latency": 0.00020904999999999996}