{"RMSE_loss": 194.29376220703125, "R^2 score": -1.6894922256469727, "training_duration": 10.524372, "inference_latency": 0.00029371333333333335}