{"RMSE_loss": 3.053391933441162, "R^2 score": -0.9207161068916321, "training_duration": 1.049848, "inference_latency": 0.00022956666666666667}