{"RMSE_loss": 4.423965930938721, "R^2 score": -2.255704641342163, "training_duration": 0.826927, "inference_latency": 0.0003117000000000001}