{"RMSE_loss": 172.76287841796875, "R^2 score": -0.9112279415130615, "training_duration": 10.190743, "inference_latency": 0.0001408583333333332}