{"RMSE_loss": 201.18508911132812, "R^2 score": -1.5895739793777466, "training_duration": 10.336037, "inference_latency": 0.0001946433333333333}