{"RMSE_loss": 1.6107816696166992, "R^2 score": -0.5297454595565796, "training_duration": 10.529615, "inference_latency": 0.0002096366666666669}