{"RMSE_loss": 1.5657434463500977, "R^2 score": 0.4851054251194, "training_duration": 10.887342, "inference_latency": 0.00017205833333333343}