{"RMSE_loss": 3.3143415451049805, "R^2 score": -0.9077250957489014, "training_duration": 1.050976, "inference_latency": 0.00025153333333333323}