{"RMSE_loss": 15.764053344726562, "R^2 score": -40.297157287597656, "training_duration": 0.761824, "inference_latency": 0.00019867500000000002}