{"RMSE_loss": 2.2746574878692627, "R^2 score": -0.010198267176747322, "training_duration": 10.39461, "inference_latency": 0.00022963333333333332}