{"RMSE_loss": 195.53350830078125, "R^2 score": -1.5011581182479858, "training_duration": 10.363395, "inference_latency": 0.00015431500000000003}