{"RMSE_loss": 4.420524597167969, "R^2 score": -2.450162410736084, "training_duration": 0.824433, "inference_latency": 0.00029007499999999994}