{"RMSE_loss": 6.505213260650635, "R^2 score": -5.992643356323242, "training_duration": 0.824087, "inference_latency": 0.00026440000000000003}