{"RMSE_loss": 0.9771417379379272, "R^2 score": 0.06531208008527756, "training_duration": 10.59692, "inference_latency": 0.00022949333333333358}