{"RMSE_loss": 138.535400390625, "R^2 score": -0.2789216935634613, "training_duration": 10.273567, "inference_latency": 0.0001464249999999999}