{"RMSE_loss": 4.064533710479736, "R^2 score": -1.968833565711975, "training_duration": 1.108252, "inference_latency": 0.0001756833333333333}