{"RMSE_loss": 2.1690430641174316, "R^2 score": -0.04957827553153038, "training_duration": 7.831024, "inference_latency": 0.00020447000000000008}