{"RMSE_loss": 2.4855387210845947, "R^2 score": -2.052640676498413, "training_duration": 10.792871, "inference_latency": 0.00020687500000000014}