{"RMSE_loss": 188.20021057128906, "R^2 score": -1.5670993328094482, "training_duration": 10.423824, "inference_latency": 0.0003036916666666667}