{"RMSE_loss": 3.3672235012054443, "R^2 score": -1.0950713157653809, "training_duration": 1.015539, "inference_latency": 0.0002743166666666667}