{"RMSE_loss": 4.361609935760498, "R^2 score": -2.6454646587371826, "training_duration": 1.048505, "inference_latency": 0.00017900000000000001}