{"RMSE_loss": 141.08590698242188, "R^2 score": -0.2523884177207947, "training_duration": 10.651888, "inference_latency": 0.00030731999999999965}