{"RMSE_loss": 3.447155714035034, "R^2 score": -1.220525860786438, "training_duration": 0.805362, "inference_latency": 0.00021545000000000006}