{"RMSE_loss": 5.534943103790283, "R^2 score": -5955.4755859375, "training_duration": 10.586368, "inference_latency": 0.00019712333333333338}