{"RMSE_loss": 3.096599578857422, "R^2 score": -1.0561572313308716, "training_duration": 1.062631, "inference_latency": 0.00019948333333333332}