{"RMSE_loss": 1.8403151035308838, "R^2 score": 0.26805493235588074, "training_duration": 11.587214, "inference_latency": 0.0005278883333333338}