{"RMSE_loss": 0.8882516622543335, "R^2 score": 0.20570571720600128, "training_duration": 10.460562, "inference_latency": 0.00023807999999999978}