{"RMSE_loss": 1.7503621578216553, "R^2 score": -1.6454514265060425, "training_duration": 10.161705, "inference_latency": 0.0002444516666666665}