{"RMSE_loss": 2.815373659133911, "R^2 score": -0.45358943939208984, "training_duration": 0.809874, "inference_latency": 0.00021232499999999997}