{"RMSE_loss": 4.502882480621338, "R^2 score": -2.9984230995178223, "training_duration": 0.797577, "inference_latency": 0.0005296000000000001}