{"RMSE_loss": 2.3923070430755615, "R^2 score": -0.12640751898288727, "training_duration": 1.063975, "inference_latency": 0.00013455000000000004}