{"RMSE_loss": 4.20952844619751, "R^2 score": -2.3021886348724365, "training_duration": 1.049518, "inference_latency": 0.00020614999999999994}