{"RMSE_loss": 119.77657318115234, "R^2 score": 0.07663533091545105, "training_duration": 10.680553, "inference_latency": 0.000273158333333333}