{"RMSE_loss": 203.1224365234375, "R^2 score": -1.5742496252059937, "training_duration": 10.140151, "inference_latency": 0.00019085333333333332}