{"RMSE_loss": 140.6360321044922, "R^2 score": -0.2684039771556854, "training_duration": 10.896183, "inference_latency": 0.0004397416666666664}