{"RMSE_loss": 202.4381866455078, "R^2 score": -1.5808824300765991, "training_duration": 10.369879, "inference_latency": 0.0001878116666666664}