{"RMSE_loss": 1.5116491317749023, "R^2 score": -3.145632743835449, "training_duration": 10.864634, "inference_latency": 0.0002863166666666665}