{"RMSE_loss": 2.4725430011749268, "R^2 score": -0.1250477284193039, "training_duration": 1.017038, "inference_latency": 0.00018776666666666666}