{"RMSE_loss": 3.706740617752075, "R^2 score": -1.2943655252456665, "training_duration": 0.785979, "inference_latency": 0.000231175}