{"RMSE_loss": 197.14544677734375, "R^2 score": -1.6165580749511719, "training_duration": 10.739992, "inference_latency": 0.00023983166666666634}