{"RMSE_loss": 2.7990801334381104, "R^2 score": -0.4482939839363098, "training_duration": 1.0558, "inference_latency": 0.00024171666666666662}