{"RMSE_loss": 4.5703911781311035, "R^2 score": -2.869704008102417, "training_duration": 1.076976, "inference_latency": 0.00016518333333333335}