{"RMSE_loss": 3.4165375232696533, "R^2 score": -1.2082960605621338, "training_duration": 1.046186, "inference_latency": 0.00018443333333333333}