{"RMSE_loss": 4.506036281585693, "R^2 score": -3.045722246170044, "training_duration": 0.836088, "inference_latency": 0.000561925}