{"RMSE_loss": 3.872979164123535, "R^2 score": -1.864202857017517, "training_duration": 1.079588, "inference_latency": 0.00014914999999999997}