{"RMSE_loss": 2.281001329421997, "R^2 score": -0.0334913544356823, "training_duration": 0.815864, "inference_latency": 0.00022964999999999994}