{"RMSE_loss": 204.54104614257812, "R^2 score": -1.6099941730499268, "training_duration": 1.10406, "inference_latency": 0.00019821666666666656}