{"RMSE_loss": 2.8120665550231934, "R^2 score": -0.48373159766197205, "training_duration": 1.039229, "inference_latency": 0.00022126666666666671}