{"RMSE_loss": 10.918073654174805, "R^2 score": -9155.650390625, "training_duration": 11.366309, "inference_latency": 0.00023887166666666681}