{"RMSE_loss": 176.597900390625, "R^2 score": -1.3307232856750488, "training_duration": 10.298763, "inference_latency": 0.00020649333333333327}