{"RMSE_loss": 0.555606484413147, "R^2 score": 0.21530352532863617, "training_duration": 10.369102, "inference_latency": 0.00020729833333333329}