{"RMSE_loss": 7.629004001617432, "R^2 score": -9.16014289855957, "training_duration": 0.799331, "inference_latency": 0.00022262500000000003}