{"RMSE_loss": 149.78717041015625, "R^2 score": -0.5753529071807861, "training_duration": 10.291972, "inference_latency": 0.00022203666666666672}