{"RMSE_loss": 0.5038216710090637, "R^2 score": 0.7290464639663696, "training_duration": 10.786991, "inference_latency": 0.0002560016666666663}