{"RMSE_loss": 0.5185039043426514, "R^2 score": 0.6969592571258545, "training_duration": 10.819195, "inference_latency": 0.00028416666666666645}