{"RMSE_loss": 8.314508438110352, "R^2 score": -69.98853302001953, "training_duration": 0.763061, "inference_latency": 0.000175}