{"RMSE_loss": 135.28392028808594, "R^2 score": -0.1501876264810562, "training_duration": 10.576061, "inference_latency": 0.00022657333333333344}