{"RMSE_loss": 135.00572204589844, "R^2 score": -0.31018203496932983, "training_duration": 10.316953, "inference_latency": 0.00022092166666666616}