{"RMSE_loss": 146.33270263671875, "R^2 score": -0.2990385591983795, "training_duration": 10.245013, "inference_latency": 0.00024503166666666615}