{"RMSE_loss": 3.313937187194824, "R^2 score": -1.2341731786727905, "training_duration": 1.029166, "inference_latency": 0.00016591666666666667}