{"RMSE_loss": 1.500859260559082, "R^2 score": -0.27478137612342834, "training_duration": 10.667351, "inference_latency": 0.0002628899999999999}