{"RMSE_loss": 1.7132370471954346, "R^2 score": -31.738420486450195, "training_duration": 10.94698, "inference_latency": 0.00022804500000000004}