{"RMSE_loss": 5.116661071777344, "R^2 score": -3.9915452003479004, "training_duration": 1.072299, "inference_latency": 0.00019033333333333334}