{"RMSE_loss": 2.3374781608581543, "R^2 score": -0.06285573542118073, "training_duration": 1.073496, "inference_latency": 0.0002565166666666667}