{"RMSE_loss": 0.918748676776886, "R^2 score": 0.21340107917785645, "training_duration": 10.639231, "inference_latency": 0.0002400783333333335}