{"RMSE_loss": 2.774153709411621, "R^2 score": -0.44218555092811584, "training_duration": 1.042967, "inference_latency": 0.00025886666666666665}