{"RMSE_loss": 3.8913731575012207, "R^2 score": -1.858474850654602, "training_duration": 1.044288, "inference_latency": 0.00021566666666666666}