{"RMSE_loss": 3.8522868156433105, "R^2 score": -1.7999320030212402, "training_duration": 1.14743, "inference_latency": 0.00018868333333333333}