{"RMSE_loss": 2.197103500366211, "R^2 score": -0.03534073755145073, "training_duration": 0.755206, "inference_latency": 0.00024132499999999992}