{"RMSE_loss": 2.328474998474121, "R^2 score": -0.23071794211864471, "training_duration": 7.796383, "inference_latency": 0.00027729999999999996}