{"RMSE_loss": 1.7799417972564697, "R^2 score": -0.7260852456092834, "training_duration": 10.614464, "inference_latency": 0.00022907000000000005}