{"RMSE_loss": 0.5329537987709045, "R^2 score": 0.6706371903419495, "training_duration": 10.696916, "inference_latency": 0.00021001666666666668}