{"RMSE_loss": 4.12925386428833, "R^2 score": -2.504132032394409, "training_duration": 0.760099, "inference_latency": 0.000274525}