{"RMSE_loss": 193.1980743408203, "R^2 score": -1.6339619159698486, "training_duration": 10.254645, "inference_latency": 0.0003218666666666673}