{"RMSE_loss": 127.67998504638672, "R^2 score": -0.19304892420768738, "training_duration": 10.061046, "inference_latency": 0.00021423333333333314}