{"RMSE_loss": 0.9866203665733337, "R^2 score": 0.017564784735441208, "training_duration": 10.689618, "inference_latency": 0.00023754666666666674}