{"RMSE_loss": 1.640148401260376, "R^2 score": 0.3436570167541504, "training_duration": 10.565561, "inference_latency": 0.0002760300000000001}