{"RMSE_loss": 201.3077850341797, "R^2 score": -1.5950862169265747, "training_duration": 10.271626, "inference_latency": 0.00018506499999999983}