{"RMSE_loss": 1.3289471864700317, "R^2 score": 0.37680643796920776, "training_duration": 10.838714, "inference_latency": 0.00021716166666666675}