{"RMSE_loss": 2.374119281768799, "R^2 score": -0.000588010239880532, "training_duration": 0.775188, "inference_latency": 0.00021937500000000003}