{"RMSE_loss": 172.72157287597656, "R^2 score": -0.9249989986419678, "training_duration": 10.52034, "inference_latency": 0.00022148333333333334}