{"RMSE_loss": 4.66237211227417, "R^2 score": -2.5743021965026855, "training_duration": 0.78611, "inference_latency": 0.000215725}