{"RMSE_loss": 201.49542236328125, "R^2 score": -1.58283531665802, "training_duration": 10.062185, "inference_latency": 0.000193253333333333}