{"RMSE_loss": 5.610762596130371, "R^2 score": -4.249080657958984, "training_duration": 0.756461, "inference_latency": 0.0002746249999999999}