{"RMSE_loss": 104.8327865600586, "R^2 score": 0.2309381663799286, "training_duration": 11.80559, "inference_latency": 0.0003809383333333334}