{"RMSE_loss": 1.4747943878173828, "R^2 score": -3.4731099605560303, "training_duration": 10.472408, "inference_latency": 0.000276525}