{"RMSE_loss": 1.368536114692688, "R^2 score": 0.6003713607788086, "training_duration": 11.155547, "inference_latency": 0.00039860999999999965}