{"RMSE_loss": 7.1568193435668945, "R^2 score": -8.049762725830078, "training_duration": 0.759971, "inference_latency": 0.00018517500000000002}