{"RMSE_loss": 0.9889357686042786, "R^2 score": 0.010910243727266788, "training_duration": 10.321494, "inference_latency": 0.00022384833333333325}