{"RMSE_loss": 3.4596571922302246, "R^2 score": -1.5807863473892212, "training_duration": 0.761323, "inference_latency": 0.000219075}