{"RMSE_loss": 199.92294311523438, "R^2 score": -1.6118509769439697, "training_duration": 10.383587, "inference_latency": 0.00023507000000000017}