{"RMSE_loss": 3.509463310241699, "R^2 score": -1.5231561660766602, "training_duration": 7.884884, "inference_latency": 0.00020688749999999974}