{"RMSE_loss": 4.996636390686035, "R^2 score": -3.3975272178649902, "training_duration": 0.786507, "inference_latency": 0.00027820000000000004}