{"RMSE_loss": 3.3103229999542236, "R^2 score": -1.32417893409729, "training_duration": 0.809566, "inference_latency": 0.00028632500000000003}