{"RMSE_loss": 5.022042751312256, "R^2 score": -3.396690845489502, "training_duration": 0.793008, "inference_latency": 0.000265025}