{"RMSE_loss": 5.757262706756592, "R^2 score": -5.9295334815979, "training_duration": 1.059797, "inference_latency": 0.00019255000000000002}