{"RMSE_loss": 6.81075382232666, "R^2 score": -6.7456865310668945, "training_duration": 0.773013, "inference_latency": 0.00024064999999999997}