{"RMSE_loss": 2.4702954292297363, "R^2 score": -0.2702079713344574, "training_duration": 7.641988, "inference_latency": 0.0002563375}