{"RMSE_loss": 196.26744079589844, "R^2 score": -1.6377493143081665, "training_duration": 11.072815, "inference_latency": 0.00030652833333333346}