{"RMSE_loss": 4.678205966949463, "R^2 score": -3.1693382263183594, "training_duration": 1.036143, "inference_latency": 0.00015900000000000004}