{"RMSE_loss": 127.23971557617188, "R^2 score": -0.13776127994060516, "training_duration": 10.687865, "inference_latency": 0.0002328233333333334}