{"RMSE_loss": 0.5599228143692017, "R^2 score": -0.03975532576441765, "training_duration": 10.66113, "inference_latency": 0.00029626499999999993}