{"RMSE_loss": 4.376701354980469, "R^2 score": -2.770094156265259, "training_duration": 0.811467, "inference_latency": 0.0005370500000000001}