{"RMSE_loss": 158.84388732910156, "R^2 score": -0.6645054817199707, "training_duration": 10.099062, "inference_latency": 0.0002116283333333332}