{"RMSE_loss": 6.6683807373046875, "R^2 score": -6.964510917663574, "training_duration": 0.799707, "inference_latency": 0.00021534999999999992}