{"RMSE_loss": 145.64222717285156, "R^2 score": -0.578320324420929, "training_duration": 10.325589, "inference_latency": 0.00020378833333333345}