{"RMSE_loss": 175.98704528808594, "R^2 score": -1.0147088766098022, "training_duration": 10.280417, "inference_latency": 0.00018608166666666656}