{"RMSE_loss": 3.9519526958465576, "R^2 score": -1.9006307125091553, "training_duration": 11.893391, "inference_latency": 0.0010312716666666653}