{"RMSE_loss": 153.75094604492188, "R^2 score": -0.49278524518013, "training_duration": 10.287782, "inference_latency": 0.00019508666666666647}