{"RMSE_loss": 3.0685064792633057, "R^2 score": -0.7020575404167175, "training_duration": 1.12216, "inference_latency": 0.0002335}