{"RMSE_loss": 115.75956726074219, "R^2 score": 0.17405644059181213, "training_duration": 10.379877, "inference_latency": 0.00022188666666666666}