{"RMSE_loss": 2.4788002967834473, "R^2 score": -0.14897969365119934, "training_duration": 1.088584, "inference_latency": 0.00020038333333333334}