{"RMSE_loss": 2.2880420684814453, "R^2 score": -0.0528796911239624, "training_duration": 0.754417, "inference_latency": 0.00024450000000000003}