{"RMSE_loss": 101.07754516601562, "R^2 score": 0.27357804775238037, "training_duration": 10.338286, "inference_latency": 0.00019820666666666654}