{"RMSE_loss": 4.430030822753906, "R^2 score": -2.8706324100494385, "training_duration": 0.965782, "inference_latency": 0.001301475}