{"RMSE_loss": 2.049961805343628, "R^2 score": 0.13829946517944336, "training_duration": 0.751003, "inference_latency": 0.00021509999999999997}