{"RMSE_loss": 205.94021606445312, "R^2 score": -1.4902002811431885, "training_duration": 1.167662, "inference_latency": 0.00043793333333333326}