{"RMSE_loss": 1.3597731590270996, "R^2 score": -0.002478743437677622, "training_duration": 10.784584, "inference_latency": 0.0002071133333333335}