{"RMSE_loss": 3.5910515785217285, "R^2 score": -1.8923543691635132, "training_duration": 1.039444, "inference_latency": 0.0002247666666666667}