{"RMSE_loss": 6.092316627502441, "R^2 score": -6.613880634307861, "training_duration": 1.109556, "inference_latency": 0.0002380333333333334}