{"RMSE_loss": 4.464526653289795, "R^2 score": -2.9070496559143066, "training_duration": 0.79735, "inference_latency": 0.000395625}