{"RMSE_loss": 0.6023346185684204, "R^2 score": 0.637275755405426, "training_duration": 10.86468, "inference_latency": 0.0002576100000000002}