{"RMSE_loss": 203.36241149902344, "R^2 score": -1.583501935005188, "training_duration": 10.327637, "inference_latency": 0.00018141166666666672}