{"RMSE_loss": 4.742188930511475, "R^2 score": -3.516310691833496, "training_duration": 7.869619, "inference_latency": 0.00020674500000000023}