{"RMSE_loss": 3.1309423446655273, "R^2 score": -0.7573646306991577, "training_duration": 1.050028, "inference_latency": 0.00014383333333333332}