{"RMSE_loss": 2.478118896484375, "R^2 score": -0.2824261784553528, "training_duration": 10.988155, "inference_latency": 0.000474421666666667}