{"RMSE_loss": 3.4527783393859863, "R^2 score": -1.6509678363800049, "training_duration": 7.860473, "inference_latency": 0.00024617249999999997}