{"RMSE_loss": 5.142552375793457, "R^2 score": -4.728623867034912, "training_duration": 7.869144, "inference_latency": 0.0002351824999999999}