{"RMSE_loss": 2.908841133117676, "R^2 score": -0.8256510496139526, "training_duration": 1.009095, "inference_latency": 0.00016328333333333334}