{"RMSE_loss": 0.9210890531539917, "R^2 score": 0.21113552153110504, "training_duration": 10.905199, "inference_latency": 0.0005346366666666664}