{"RMSE_loss": 4.193755149841309, "R^2 score": -2.3854804039001465, "training_duration": 0.767793, "inference_latency": 0.00021607499999999998}