{"RMSE_loss": 199.08786010742188, "R^2 score": -1.6420915126800537, "training_duration": 10.531828, "inference_latency": 0.0001887416666666664}