{"RMSE_loss": 0.5997210741043091, "R^2 score": 0.6166474223136902, "training_duration": 11.519803, "inference_latency": 0.0002957583333333331}