{"RMSE_loss": 2.5125880241394043, "R^2 score": -0.7375668883323669, "training_duration": 0.83814, "inference_latency": 0.00026307500000000004}