{"RMSE_loss": 2.6578705310821533, "R^2 score": -0.5663384199142456, "training_duration": 7.867323, "inference_latency": 0.00023289000000000014}