{"RMSE_loss": 2.2478318214416504, "R^2 score": -0.01452290266752243, "training_duration": 7.77571, "inference_latency": 0.00017408500000000015}