{"RMSE_loss": 2.6804964542388916, "R^2 score": -0.3020842373371124, "training_duration": 0.9974, "inference_latency": 0.00016268333333333335}