{"RMSE_loss": 4.540982723236084, "R^2 score": -2.573404550552368, "training_duration": 1.006006, "inference_latency": 0.0002369166666666666}