{"RMSE_loss": 2.867070436477661, "R^2 score": -0.5572941899299622, "training_duration": 1.031144, "inference_latency": 0.00020228333333333334}