{"RMSE_loss": 3.5250916481018066, "R^2 score": -1.1458717584609985, "training_duration": 0.787911, "inference_latency": 0.0003361750000000001}