{"RMSE_loss": 3.0728912353515625, "R^2 score": -1.0317041873931885, "training_duration": 0.749388, "inference_latency": 0.00022494999999999997}