{"RMSE_loss": 12.507898330688477, "R^2 score": -26.549057006835938, "training_duration": 0.781861, "inference_latency": 0.00024825000000000004}