{"RMSE_loss": 4.840681552886963, "R^2 score": -3.043638229370117, "training_duration": 0.752975, "inference_latency": 0.00027872499999999996}