{"RMSE_loss": 3.200730085372925, "R^2 score": -0.9490228891372681, "training_duration": 1.052263, "inference_latency": 0.0001554166666666667}