{"RMSE_loss": 4.227171421051025, "R^2 score": -2.3634696006774902, "training_duration": 11.997854, "inference_latency": 0.0010176083333333322}