{"RMSE_loss": 0.6256782412528992, "R^2 score": 0.23050127923488617, "training_duration": 10.606507, "inference_latency": 0.000223265}