{"RMSE_loss": 5.710116386413574, "R^2 score": -5.1224365234375, "training_duration": 1.039247, "inference_latency": 0.00018206666666666666}