{"RMSE_loss": 9.886479377746582, "R^2 score": -16.407886505126953, "training_duration": 1.095951, "inference_latency": 0.0001347}