{"RMSE_loss": 5.218348503112793, "R^2 score": -3.755946397781372, "training_duration": 0.749355, "inference_latency": 0.00023442500000000005}