{"RMSE_loss": 2.0317280292510986, "R^2 score": 0.18316207826137543, "training_duration": 10.593362, "inference_latency": 0.00017450833333333313}