{"RMSE_loss": 204.65635681152344, "R^2 score": -1.590499758720398, "training_duration": 1.158667, "inference_latency": 0.0002830833333333333}