{"RMSE_loss": 4.31630802154541, "R^2 score": -2.674809217453003, "training_duration": 0.857735, "inference_latency": 0.0009100249999999997}