{"RMSE_loss": 1.333922266960144, "R^2 score": 0.37832406163215637, "training_duration": 10.875151, "inference_latency": 0.00016208666666666673}