{"RMSE_loss": 2.6873269081115723, "R^2 score": -0.5272931456565857, "training_duration": 0.766241, "inference_latency": 0.0002532499999999999}