{"RMSE_loss": 1.729915738105774, "R^2 score": -1.2261841297149658, "training_duration": 10.351994, "inference_latency": 0.00023196000000000008}