{"RMSE_loss": 2.472417116165161, "R^2 score": -0.22715911269187927, "training_duration": 1.084831, "inference_latency": 0.00021754999999999992}