{"RMSE_loss": 0.5416417717933655, "R^2 score": 0.5943329930305481, "training_duration": 10.49602, "inference_latency": 0.00021853}