{"RMSE_loss": 12.828873634338379, "R^2 score": -31.06886863708496, "training_duration": 1.084798, "inference_latency": 0.00023933333333333326}