{"RMSE_loss": 2.141141653060913, "R^2 score": 0.012391168624162674, "training_duration": 8.064141, "inference_latency": 0.00024947750000000007}