{"RMSE_loss": 3.598188638687134, "R^2 score": -1.510995626449585, "training_duration": 1.037281, "inference_latency": 0.00016034999999999997}