{"RMSE_loss": 4.232118129730225, "R^2 score": -3.9714057445526123, "training_duration": 0.924944, "inference_latency": 0.0010796}