{"RMSE_loss": 4.233321189880371, "R^2 score": -1.9647109508514404, "training_duration": 0.828549, "inference_latency": 0.0002784749999999999}