{"RMSE_loss": 2.09909725189209, "R^2 score": 0.11309313029050827, "training_duration": 7.663015, "inference_latency": 0.0002512674999999997}