{"RMSE_loss": 134.78341674804688, "R^2 score": -1.8225287199020386, "training_duration": 10.109105, "inference_latency": 0.00022277666666666658}