{"RMSE_loss": 3.397205114364624, "R^2 score": -1.136714220046997, "training_duration": 1.044278, "inference_latency": 0.0001645333333333334}