{"RMSE_loss": 1.6144108772277832, "R^2 score": -3.6075809001922607, "training_duration": 10.379764, "inference_latency": 0.00020264166666666652}