{"RMSE_loss": 5.106202125549316, "R^2 score": -4.065793991088867, "training_duration": 1.04282, "inference_latency": 0.0001587166666666666}