{"RMSE_loss": 1.585382103919983, "R^2 score": 0.4723609387874603, "training_duration": 11.130648, "inference_latency": 0.00038732666666666676}