{"RMSE_loss": 4.1487202644348145, "R^2 score": -2.3084464073181152, "training_duration": 1.091943, "inference_latency": 0.0002355333333333333}