{"RMSE_loss": 1.597713828086853, "R^2 score": -0.7463411092758179, "training_duration": 10.358543, "inference_latency": 0.00019064500000000014}