{"RMSE_loss": 14.977193832397461, "R^2 score": -57541.28515625, "training_duration": 10.137825, "inference_latency": 0.00020147333333333332}