{"RMSE_loss": 2.513063907623291, "R^2 score": -0.19864816963672638, "training_duration": 1.063067, "inference_latency": 0.0002156499999999999}