{"RMSE_loss": 5.020145893096924, "R^2 score": -3.387439250946045, "training_duration": 0.843824, "inference_latency": 0.00024197499999999996}