{"RMSE_loss": 104.82366180419922, "R^2 score": 0.22542499005794525, "training_duration": 10.652572, "inference_latency": 0.00026259999999999966}