{"RMSE_loss": 1.8157157897949219, "R^2 score": -1.8241550922393799, "training_duration": 10.331657, "inference_latency": 0.00020255666666666664}