{"RMSE_loss": 2.784813165664673, "R^2 score": -0.33704251050949097, "training_duration": 0.776428, "inference_latency": 0.00022002500000000005}