{"RMSE_loss": 4.414804935455322, "R^2 score": -2.844560384750366, "training_duration": 0.856306, "inference_latency": 0.0008663499999999998}