{"RMSE_loss": 2.791630744934082, "R^2 score": -0.6018471121788025, "training_duration": 1.073772, "inference_latency": 0.00027173333333333323}