{"RMSE_loss": 1.4926071166992188, "R^2 score": -0.22382502257823944, "training_duration": 10.510265, "inference_latency": 0.0002253666666666666}