{"RMSE_loss": 105.83104705810547, "R^2 score": 0.17890410125255585, "training_duration": 10.723288, "inference_latency": 0.00028595499999999995}