{"RMSE_loss": 3.343003749847412, "R^2 score": -0.9747282266616821, "training_duration": 0.809378, "inference_latency": 0.0002434}