{"RMSE_loss": 101.16546630859375, "R^2 score": 0.25820407271385193, "training_duration": 11.217039, "inference_latency": 0.0002666866666666669}