{"RMSE_loss": 1.5497275590896606, "R^2 score": -1.624566674232483, "training_duration": 10.156089, "inference_latency": 0.00020886833333333345}