{"RMSE_loss": 141.16305541992188, "R^2 score": -0.49490687251091003, "training_duration": 10.85361, "inference_latency": 0.0005286399999999999}