{"RMSE_loss": 2.422511100769043, "R^2 score": -0.2073749601840973, "training_duration": 10.542783, "inference_latency": 0.00020526333333333364}