{"RMSE_loss": 2.1505625247955322, "R^2 score": 0.056192122399806976, "training_duration": 7.714606, "inference_latency": 0.0002622025000000001}