{"RMSE_loss": 5.021746635437012, "R^2 score": -3.5449893474578857, "training_duration": 1.058245, "inference_latency": 0.00023405}