{"RMSE_loss": 4.407336235046387, "R^2 score": -2.344395875930786, "training_duration": 1.065509, "inference_latency": 0.00016435}