{"RMSE_loss": 120.3426284790039, "R^2 score": -0.028149334713816643, "training_duration": 10.119762, "inference_latency": 0.00022501333333333374}