{"RMSE_loss": 3.9466476440429688, "R^2 score": -1.7319257259368896, "training_duration": 0.742391, "inference_latency": 0.000253575}