{"RMSE_loss": 3.3304624557495117, "R^2 score": -1.1068875789642334, "training_duration": 1.036021, "inference_latency": 0.00022703333333333329}