{"RMSE_loss": 195.90655517578125, "R^2 score": -1.6387596130371094, "training_duration": 10.515216, "inference_latency": 0.00025873666666666667}