{"RMSE_loss": 2.431457281112671, "R^2 score": -0.006797159556299448, "training_duration": 1.3412, "inference_latency": 0.0002343833333333333}