{"RMSE_loss": 2.079533576965332, "R^2 score": -3.4554202556610107, "training_duration": 13.721989, "inference_latency": 0.0014386333333333348}