{"RMSE_loss": 163.52955627441406, "R^2 score": -0.8860201239585876, "training_duration": 10.765582, "inference_latency": 0.00027531833333333374}