{"RMSE_loss": 4.0804243087768555, "R^2 score": -1.8990322351455688, "training_duration": 0.798921, "inference_latency": 0.0002728250000000001}