{"RMSE_loss": 2.7791428565979004, "R^2 score": -0.4821140170097351, "training_duration": 1.104486, "inference_latency": 0.00016369999999999997}