{"RMSE_loss": 1.8108634948730469, "R^2 score": 0.29923126101493835, "training_duration": 10.554597, "inference_latency": 0.0002543116666666664}