{"RMSE_loss": 1.5717374086380005, "R^2 score": 0.46147140860557556, "training_duration": 13.230855, "inference_latency": 0.0010337450000000006}