{"RMSE_loss": 2.740968942642212, "R^2 score": -0.7124661207199097, "training_duration": 0.778285, "inference_latency": 0.000175275}