{"RMSE_loss": 138.18722534179688, "R^2 score": -0.30635547637939453, "training_duration": 10.516778, "inference_latency": 0.0001852783333333331}