{"RMSE_loss": 186.03857421875, "R^2 score": -1.3507709503173828, "training_duration": 10.715595, "inference_latency": 0.0002622399999999998}