{"RMSE_loss": 199.77748107910156, "R^2 score": -1.4698415994644165, "training_duration": 11.424428, "inference_latency": 0.00045949166666666634}