{"RMSE_loss": 5.600671291351318, "R^2 score": -5.090533256530762, "training_duration": 1.047081, "inference_latency": 0.0002023666666666667}