{"RMSE_loss": 1.3637114763259888, "R^2 score": -0.008481658063828945, "training_duration": 10.269579, "inference_latency": 0.00023569833333333316}