{"RMSE_loss": 2.48191499710083, "R^2 score": -1.3530685901641846, "training_duration": 11.00406, "inference_latency": 0.00024267666666666655}