{"RMSE_loss": 3.0376808643341064, "R^2 score": -0.8866267800331116, "training_duration": 1.029701, "inference_latency": 0.00021138333333333337}