{"RMSE_loss": 2.676109552383423, "R^2 score": -0.4863007664680481, "training_duration": 0.754252, "inference_latency": 0.00025522500000000004}