{"RMSE_loss": 203.65237426757812, "R^2 score": -1.5012381076812744, "training_duration": 1.237359, "inference_latency": 0.00034243333333333316}