{"RMSE_loss": 0.5162684917449951, "R^2 score": 0.7038042545318604, "training_duration": 11.872852, "inference_latency": 0.00033689166666666634}