{"RMSE_loss": 1.4953327178955078, "R^2 score": 0.506295382976532, "training_duration": 11.746603, "inference_latency": 0.0006128383333333335}