{"RMSE_loss": 4.307880878448486, "R^2 score": -2.0967135429382324, "training_duration": 1.044822, "inference_latency": 0.00020125}