{"RMSE_loss": 193.01937866210938, "R^2 score": -1.4042856693267822, "training_duration": 10.574534, "inference_latency": 0.00022192499999999996}