{"RMSE_loss": 1.1736257076263428, "R^2 score": -1.829997181892395, "training_duration": 10.515558, "inference_latency": 0.00024450000000000003}