{"RMSE_loss": 3.2089898586273193, "R^2 score": -0.951018214225769, "training_duration": 1.00722, "inference_latency": 0.0002634166666666667}