{"RMSE_loss": 0.5977177023887634, "R^2 score": 0.6212037801742554, "training_duration": 10.68847, "inference_latency": 0.00029481499999999987}