{"RMSE_loss": 4.489218235015869, "R^2 score": -2.5619056224823, "training_duration": 1.001393, "inference_latency": 0.00022501666666666675}