{"RMSE_loss": 3.7157657146453857, "R^2 score": -1.5662449598312378, "training_duration": 1.052779, "inference_latency": 0.00023540000000000003}