{"RMSE_loss": 200.08401489257812, "R^2 score": -1.6508495807647705, "training_duration": 10.622479, "inference_latency": 0.0002706366666666665}