{"RMSE_loss": 189.6563262939453, "R^2 score": -1.4084599018096924, "training_duration": 10.308451, "inference_latency": 0.00020617500000000012}