{"RMSE_loss": 4.760605812072754, "R^2 score": -3.9628994464874268, "training_duration": 0.997418, "inference_latency": 0.00021083333333333335}