{"RMSE_loss": 8.750301361083984, "R^2 score": -13.51578426361084, "training_duration": 1.016104, "inference_latency": 0.00014621666666666668}