{"RMSE_loss": 161.67807006835938, "R^2 score": -0.8265480995178223, "training_duration": 10.299491, "inference_latency": 0.00023655499999999992}