{"RMSE_loss": 2.692098379135132, "R^2 score": -0.47048047184944153, "training_duration": 7.768832, "inference_latency": 0.0002396074999999999}