{"RMSE_loss": 5.817624092102051, "R^2 score": -4.933951377868652, "training_duration": 0.777024, "inference_latency": 0.00025085}