{"RMSE_loss": 2.705618381500244, "R^2 score": -0.5203351378440857, "training_duration": 1.067556, "inference_latency": 0.00023698333333333342}