{"RMSE_loss": 2.398623466491699, "R^2 score": -0.3957405388355255, "training_duration": 0.792606, "inference_latency": 0.00020450000000000004}