{"RMSE_loss": 1.2136873006820679, "R^2 score": 0.6955945491790771, "training_duration": 10.695236, "inference_latency": 0.00018179666666666685}