{"RMSE_loss": 3.561659812927246, "R^2 score": -1.3442639112472534, "training_duration": 1.038944, "inference_latency": 0.00016714999999999994}