{"RMSE_loss": 24.84082794189453, "R^2 score": -594.7088012695312, "training_duration": 11.018253, "inference_latency": 0.00021305666666666657}