{"RMSE_loss": 1.46153724193573, "R^2 score": -0.15853194892406464, "training_duration": 10.632494, "inference_latency": 0.0002785533333333331}