{"RMSE_loss": 0.9238521456718445, "R^2 score": -4.036526679992676, "training_duration": 10.698794, "inference_latency": 0.0002148783333333334}