{"RMSE_loss": 0.5466691851615906, "R^2 score": 0.6176918745040894, "training_duration": 11.452058, "inference_latency": 0.00022169166666666685}