{"RMSE_loss": 196.95297241210938, "R^2 score": -1.4787898063659668, "training_duration": 10.20862, "inference_latency": 0.0001741966666666663}