{"RMSE_loss": 1.720554232597351, "R^2 score": -0.8534193634986877, "training_duration": 10.964299, "inference_latency": 0.00021580333333333303}