{"RMSE_loss": 2.1863884925842285, "R^2 score": 0.05153859779238701, "training_duration": 0.832982, "inference_latency": 0.000313325}