{"RMSE_loss": 3.672372579574585, "R^2 score": -1.7150630950927734, "training_duration": 11.075558, "inference_latency": 0.00024950166666666676}