{"RMSE_loss": 200.95022583007812, "R^2 score": -1.5394130945205688, "training_duration": 1.222809, "inference_latency": 0.00031123333333333333}