{"RMSE_loss": 0.5729777812957764, "R^2 score": 0.1492604911327362, "training_duration": 10.673601, "inference_latency": 0.00018781833333333334}