{"RMSE_loss": 2.467557430267334, "R^2 score": -0.24849972128868103, "training_duration": 0.763464, "inference_latency": 0.0002411}