{"RMSE_loss": 17.66146469116211, "R^2 score": -54.78028106689453, "training_duration": 0.773423, "inference_latency": 0.00024262499999999995}