{"RMSE_loss": 2.728410482406616, "R^2 score": -0.40589067339897156, "training_duration": 1.066624, "inference_latency": 0.00015651666666666666}