{"RMSE_loss": 2.6944754123687744, "R^2 score": -0.27963364124298096, "training_duration": 1.022744, "inference_latency": 0.00023925000000000001}