{"RMSE_loss": 4.612695693969727, "R^2 score": -2.8812332153320312, "training_duration": 1.079205, "inference_latency": 0.00019689999999999993}