{"RMSE_loss": 206.4171905517578, "R^2 score": -1.449046015739441, "training_duration": 1.211269, "inference_latency": 0.0008738333333333334}