{"RMSE_loss": 108.8415298461914, "R^2 score": 0.17081646621227264, "training_duration": 10.128837, "inference_latency": 0.00019273833333333324}