{"RMSE_loss": 2.6956284046173096, "R^2 score": -0.3225175142288208, "training_duration": 1.047066, "inference_latency": 0.00021111666666666666}