{"RMSE_loss": 0.6241208910942078, "R^2 score": 0.5711641311645508, "training_duration": 10.682291, "inference_latency": 0.00026527333333333365}