{"RMSE_loss": 10.209334373474121, "R^2 score": -20.471851348876953, "training_duration": 0.755817, "inference_latency": 0.00023602500000000003}