{"RMSE_loss": 111.5756607055664, "R^2 score": 0.24445068836212158, "training_duration": 10.811874, "inference_latency": 0.0003193883333333332}