{"RMSE_loss": 3.8784985542297363, "R^2 score": -1.7753726243972778, "training_duration": 1.044013, "inference_latency": 0.0002349166666666667}