{"RMSE_loss": 203.0419921875, "R^2 score": -1.5516104698181152, "training_duration": 1.175462, "inference_latency": 0.00029184999999999997}