{"RMSE_loss": 116.12919616699219, "R^2 score": -0.017501121386885643, "training_duration": 10.637198, "inference_latency": 0.00028350500000000014}