{"RMSE_loss": 193.54681396484375, "R^2 score": -1.591576099395752, "training_duration": 10.916252, "inference_latency": 0.0003748399999999998}