{"RMSE_loss": 4.472845554351807, "R^2 score": -2.6672682762145996, "training_duration": 1.033557, "inference_latency": 0.00020436666666666666}