{"RMSE_loss": 3.7613627910614014, "R^2 score": -1.67280113697052, "training_duration": 12.721364, "inference_latency": 0.001466555}