{"RMSE_loss": 6.131417274475098, "R^2 score": -6.096182346343994, "training_duration": 1.055295, "inference_latency": 0.00013461666666666667}