{"RMSE_loss": 1.601473331451416, "R^2 score": -0.4057866036891937, "training_duration": 10.551879, "inference_latency": 0.00028915833333333335}