{"RMSE_loss": 180.8808135986328, "R^2 score": -1.4822500944137573, "training_duration": 10.27289, "inference_latency": 0.000277313333333333}