{"RMSE_loss": 4.006045818328857, "R^2 score": -2.126009702682495, "training_duration": 1.117225, "inference_latency": 0.0002426666666666666}