{"RMSE_loss": 2.48126482963562, "R^2 score": -0.03725278377532959, "training_duration": 1.022365, "inference_latency": 0.0001551666666666666}