{"RMSE_loss": 5.565081596374512, "R^2 score": -4.5062103271484375, "training_duration": 1.006866, "inference_latency": 0.00024521666666666673}