{"RMSE_loss": 12.049147605895996, "R^2 score": -36409.70703125, "training_duration": 11.455837, "inference_latency": 0.00025624999999999964}