{"RMSE_loss": 4.550458908081055, "R^2 score": -2.794929027557373, "training_duration": 1.081991, "inference_latency": 0.00018623333333333327}