{"RMSE_loss": 7.575587272644043, "R^2 score": -9.968926429748535, "training_duration": 1.080058, "inference_latency": 0.00013363333333333332}