{"RMSE_loss": 4.534642696380615, "R^2 score": -2.6999967098236084, "training_duration": 1.109472, "inference_latency": 0.00018076666666666665}