{"RMSE_loss": 4.601118087768555, "R^2 score": -3.1803953647613525, "training_duration": 0.943164, "inference_latency": 0.001234625}