{"RMSE_loss": 108.91956329345703, "R^2 score": 0.16738730669021606, "training_duration": 10.525864, "inference_latency": 0.00025871666666666646}