{"RMSE_loss": 1.3222246170043945, "R^2 score": 0.6400293111801147, "training_duration": 11.283129, "inference_latency": 0.0005150933333333335}