{"RMSE_loss": 104.49779510498047, "R^2 score": 0.23133306205272675, "training_duration": 10.568115, "inference_latency": 0.00022278999999999997}