{"RMSE_loss": 116.69962310791016, "R^2 score": 0.13240690529346466, "training_duration": 11.526721, "inference_latency": 0.0002624666666666668}