{"RMSE_loss": 194.98451232910156, "R^2 score": -1.6392111778259277, "training_duration": 10.386387, "inference_latency": 0.0002651799999999999}