{"validation_score": -14793.54467197134, "R^2_score_train": -3.007864357293389, "RMSE_train": 112.31685994007256, "R^2_score_test": -1.338696870741305, "RMSE_test": 95.57129110582052, "R^2_score_validation": -2.2672525803322183, "RMSE_validation": 111.06342120343501}