{"validation_score": -0.21945591414141416, "R^2_score": 0.9692654488885225, "RMSE": 0.1736720599475881}