{"RMSE_loss": 200.96434020996094, "R^2 score": -1.556372880935669, "training_duration": 1.082723, "inference_latency": 0.0002545166666666667}