{"RMSE_loss": 2.3138811588287354, "R^2 score": -0.02451184205710888, "training_duration": 1.026869, "inference_latency": 0.00013723333333333333}