{"RMSE_loss": 1.6825592517852783, "R^2 score": -0.6081884503364563, "training_duration": 10.4317, "inference_latency": 0.00020753666666666694}