{"RMSE_loss": 1.7801177501678467, "R^2 score": -0.8412865996360779, "training_duration": 11.465389, "inference_latency": 0.0004533850000000005}