{"RMSE_loss": 1.9346961975097656, "R^2 score": 0.2866223156452179, "training_duration": 11.566018, "inference_latency": 0.0006075383333333335}