{"RMSE_loss": 12.483930587768555, "R^2 score": -26.564411163330078, "training_duration": 0.790907, "inference_latency": 0.0002272750000000001}