{"RMSE_loss": 192.24876403808594, "R^2 score": -1.5532416105270386, "training_duration": 10.805912, "inference_latency": 0.00025238833333333325}