{"RMSE_loss": 2.1484627723693848, "R^2 score": 0.11997676640748978, "training_duration": 10.936484, "inference_latency": 0.0002733749999999995}