{"RMSE_loss": 3.1811718940734863, "R^2 score": -58.035919189453125, "training_duration": 10.69893, "inference_latency": 0.00022932166666666674}