{"RMSE_loss": 2.9272069931030273, "R^2 score": -0.6645041108131409, "training_duration": 10.682899, "inference_latency": 0.00023931166666666675}