{"RMSE_loss": 3.012183427810669, "R^2 score": -0.7368245720863342, "training_duration": 1.09023, "inference_latency": 0.00013423333333333333}