{"RMSE_loss": 6.106833457946777, "R^2 score": -5.674398899078369, "training_duration": 1.091545, "inference_latency": 0.00018303333333333338}