{"RMSE_loss": 3.4650707244873047, "R^2 score": -0.9890178442001343, "training_duration": 0.764421, "inference_latency": 0.00022447499999999994}