{"RMSE_loss": 6.045958518981934, "R^2 score": -6.199042797088623, "training_duration": 1.063431, "inference_latency": 0.00016743333333333338}