{"RMSE_loss": 194.6397705078125, "R^2 score": -1.6621136665344238, "training_duration": 10.431932, "inference_latency": 0.0002726716666666668}