{"RMSE_loss": 1.3833386898040771, "R^2 score": -0.6403685212135315, "training_duration": 10.580344, "inference_latency": 0.0002616883333333332}