{"RMSE_loss": 4.1004958152771, "R^2 score": -1.9374109506607056, "training_duration": 0.765595, "inference_latency": 0.000264075}