{"RMSE_loss": 203.80780029296875, "R^2 score": -1.6214938163757324, "training_duration": 1.16535, "inference_latency": 0.00023306666666666665}