{"RMSE_loss": 1.5048614740371704, "R^2 score": 0.5420331954956055, "training_duration": 10.480916, "inference_latency": 0.00027618333333333326}