{"RMSE_loss": 1.0978944301605225, "R^2 score": -0.13566604256629944, "training_duration": 10.746332, "inference_latency": 0.0003217549999999998}