{"RMSE_loss": 208.17706298828125, "R^2 score": -1.4463480710983276, "training_duration": 1.216736, "inference_latency": 0.0002967833333333334}