{"RMSE_loss": 1.2592215538024902, "R^2 score": 0.660248339176178, "training_duration": 10.597167, "inference_latency": 0.0001845033333333333}