{"RMSE_loss": 2.9497017860412598, "R^2 score": -0.5831875205039978, "training_duration": 1.056105, "inference_latency": 0.00020858333333333327}