{"RMSE_loss": 3.1636452674865723, "R^2 score": -1.0189157724380493, "training_duration": 7.963191, "inference_latency": 0.00023227249999999996}