{"RMSE_loss": 204.22122192382812, "R^2 score": -1.641047716140747, "training_duration": 10.592907, "inference_latency": 0.00022542000000000007}