{"RMSE_loss": 8.528377532958984, "R^2 score": -11.222440719604492, "training_duration": 0.752934, "inference_latency": 0.00019600000000000005}