{"RMSE_loss": 2.515537977218628, "R^2 score": -0.16736173629760742, "training_duration": 1.022567, "inference_latency": 0.00025318333333333335}