{"RMSE_loss": 6.781423091888428, "R^2 score": -8.095331192016602, "training_duration": 0.99659, "inference_latency": 0.0002209333333333333}