{"RMSE_loss": 1.4237043857574463, "R^2 score": -0.14554454386234283, "training_duration": 10.489308, "inference_latency": 0.00025085833333333334}