{"RMSE_loss": 1.3405834436416626, "R^2 score": 0.02621290646493435, "training_duration": 10.59077, "inference_latency": 0.00027178500000000014}