{"RMSE_loss": 4.507439136505127, "R^2 score": -2.6678926944732666, "training_duration": 1.044359, "inference_latency": 0.00022891666666666668}