{"RMSE_loss": 3.9133472442626953, "R^2 score": -1.6509612798690796, "training_duration": 0.796385, "inference_latency": 0.00030872500000000004}