{"RMSE_loss": 117.32804870605469, "R^2 score": 0.18229055404663086, "training_duration": 10.608034, "inference_latency": 0.00019941999999999996}