{"RMSE_loss": 120.96109008789062, "R^2 score": -0.1126028299331665, "training_duration": 10.163651, "inference_latency": 0.00023684833333333322}