{"RMSE_loss": 4.326903820037842, "R^2 score": -2.7112278938293457, "training_duration": 0.85156, "inference_latency": 0.0005499499999999999}