{"RMSE_loss": 1.5001862049102783, "R^2 score": -1.5864709615707397, "training_duration": 10.309042, "inference_latency": 0.00019547000000000008}