{"RMSE_loss": 105.5647964477539, "R^2 score": 0.2213115245103836, "training_duration": 10.490088, "inference_latency": 0.0002993550000000001}