{"RMSE_loss": 2.1475002765655518, "R^2 score": 0.12322229892015457, "training_duration": 10.466152, "inference_latency": 0.0002717016666666663}