{"RMSE_loss": 1.2674835920333862, "R^2 score": -4.938577175140381, "training_duration": 10.580843, "inference_latency": 0.00022886166666666674}