{"RMSE_loss": 2.17280650138855, "R^2 score": -0.03354967013001442, "training_duration": 7.817352, "inference_latency": 0.0003223624999999998}