{"RMSE_loss": 111.1558837890625, "R^2 score": 0.24979162216186523, "training_duration": 10.406458, "inference_latency": 0.0002768399999999998}