{"RMSE_loss": 2.833625555038452, "R^2 score": -0.46803808212280273, "training_duration": 1.022675, "inference_latency": 0.00018941666666666664}