{"RMSE_loss": 4.872112274169922, "R^2 score": -3.0511906147003174, "training_duration": 0.810522, "inference_latency": 0.00019155}