{"RMSE_loss": 195.3444366455078, "R^2 score": -1.4290262460708618, "training_duration": 10.749955, "inference_latency": 0.00023072666666666678}