{"RMSE_loss": 170.50421142578125, "R^2 score": -1.0110353231430054, "training_duration": 11.567997, "inference_latency": 0.0002661299999999999}