{"RMSE_loss": 147.18670654296875, "R^2 score": -0.5264660120010376, "training_duration": 11.083271, "inference_latency": 0.00029106333333333347}