{"RMSE_loss": 2.469578742980957, "R^2 score": -0.45980340242385864, "training_duration": 0.818756, "inference_latency": 0.0001968}