{"RMSE_loss": 4.383149147033691, "R^2 score": -2.196044921875, "training_duration": 0.764823, "inference_latency": 0.0002649}