{"RMSE_loss": 5.231825351715088, "R^2 score": -4.342283248901367, "training_duration": 1.067004, "inference_latency": 0.00016156666666666656}