{"RMSE_loss": 3.5601747035980225, "R^2 score": -1.5303380489349365, "training_duration": 1.094518, "inference_latency": 0.00016259999999999997}