{"RMSE_loss": 2.8330464363098145, "R^2 score": -0.46609318256378174, "training_duration": 1.077008, "inference_latency": 0.00016751666666666674}