{"RMSE_loss": 5.416168212890625, "R^2 score": -4.159154891967773, "training_duration": 1.001386, "inference_latency": 0.00018259999999999997}