{"RMSE_loss": 201.1785125732422, "R^2 score": -1.5636769533157349, "training_duration": 1.116352, "inference_latency": 0.00020068333333333335}