{"RMSE_loss": 1.1590347290039062, "R^2 score": 0.7090677618980408, "training_duration": 11.813817, "inference_latency": 0.0002379299999999998}