{"RMSE_loss": 5.210347652435303, "R^2 score": -4.221803188323975, "training_duration": 1.028189, "inference_latency": 0.00024273333333333334}