{"RMSE_loss": 1.342616319656372, "R^2 score": 0.012237616814672947, "training_duration": 10.326634, "inference_latency": 0.00020458333333333328}