{"RMSE_loss": 144.05130004882812, "R^2 score": -0.28910917043685913, "training_duration": 10.52789, "inference_latency": 0.0002392333333333332}