{"RMSE_loss": 2.4115490913391113, "R^2 score": -0.029407477006316185, "training_duration": 1.125063, "inference_latency": 0.00018578333333333334}