{"RMSE_loss": 1.4658198356628418, "R^2 score": 0.5044164657592773, "training_duration": 10.436781, "inference_latency": 0.0001413599999999999}