{"RMSE_loss": 10.586153030395508, "R^2 score": -17.717700958251953, "training_duration": 0.777099, "inference_latency": 0.000178925}