{"RMSE_loss": 4.43860387802124, "R^2 score": -3.056971549987793, "training_duration": 0.794324, "inference_latency": 0.00029667500000000004}