{"RMSE_loss": 2.6726818084716797, "R^2 score": -0.40246421098709106, "training_duration": 0.788731, "inference_latency": 0.00024532499999999996}