{"RMSE_loss": 4.965152263641357, "R^2 score": -3.4635627269744873, "training_duration": 1.046615, "inference_latency": 0.0002424}