{"RMSE_loss": 5.206335544586182, "R^2 score": -4.33887243270874, "training_duration": 1.034745, "inference_latency": 0.0001902833333333334}