{"RMSE_loss": 1.895478367805481, "R^2 score": -1.927076816558838, "training_duration": 10.163703, "inference_latency": 0.0001924583333333333}