{"RMSE_loss": 3.026456594467163, "R^2 score": -0.7312043905258179, "training_duration": 1.025217, "inference_latency": 0.0002396166666666667}