{"RMSE_loss": 107.92500305175781, "R^2 score": 0.20357638597488403, "training_duration": 10.130196, "inference_latency": 0.0001902816666666668}