{"RMSE_loss": 201.7215118408203, "R^2 score": -1.6435420513153076, "training_duration": 10.144611, "inference_latency": 0.00018810499999999988}