{"RMSE_loss": 2.154559850692749, "R^2 score": 0.09208374470472336, "training_duration": 0.807619, "inference_latency": 0.00020679999999999999}