{"RMSE_loss": 4.859157085418701, "R^2 score": -3.5820658206939697, "training_duration": 1.058199, "inference_latency": 0.00018449999999999996}