{"RMSE_loss": 2.5468387603759766, "R^2 score": -0.41933363676071167, "training_duration": 7.934971, "inference_latency": 0.0002561524999999995}