{"RMSE_loss": 5.1877946853637695, "R^2 score": -4.249905109405518, "training_duration": 1.101257, "inference_latency": 0.00023681666666666669}