{"RMSE_loss": 204.65464782714844, "R^2 score": -1.5118740797042847, "training_duration": 1.13109, "inference_latency": 0.0003343833333333334}