{"RMSE_loss": 0.5341558456420898, "R^2 score": 0.6809909343719482, "training_duration": 11.281093, "inference_latency": 0.0002589083333333335}