{"RMSE_loss": 203.74681091308594, "R^2 score": -1.5657024383544922, "training_duration": 1.166721, "inference_latency": 0.00030704999999999996}