{"RMSE_loss": 4.348025321960449, "R^2 score": -2.7235734462738037, "training_duration": 0.79456, "inference_latency": 0.000342425}