{"RMSE_loss": 102.96466827392578, "R^2 score": 0.25207674503326416, "training_duration": 10.389441, "inference_latency": 0.00019178333333333351}