{"RMSE_loss": 3.0589089393615723, "R^2 score": -0.7992974519729614, "training_duration": 1.032036, "inference_latency": 0.0002186333333333333}