{"RMSE_loss": 2.486900806427002, "R^2 score": -0.22301559150218964, "training_duration": 1.027167, "inference_latency": 0.0002275}