{"RMSE_loss": 1.3554025888442993, "R^2 score": 0.6237330436706543, "training_duration": 10.569073, "inference_latency": 0.00017300999999999986}