{"RMSE_loss": 8.198160171508789, "R^2 score": -11.963118553161621, "training_duration": 1.052566, "inference_latency": 0.00019878333333333333}