{"RMSE_loss": 4.03753137588501, "R^2 score": -2.2393381595611572, "training_duration": 1.119793, "inference_latency": 0.00019851666666666662}