{"RMSE_loss": 2.6845829486846924, "R^2 score": -0.41942134499549866, "training_duration": 0.767726, "inference_latency": 0.00018985}