{"RMSE_loss": 5.741070747375488, "R^2 score": -5.679565906524658, "training_duration": 7.863916, "inference_latency": 0.00023759999999999997}