{"RMSE_loss": 0.8947274684906006, "R^2 score": 0.24178551137447357, "training_duration": 10.636632, "inference_latency": 0.0002678000000000001}