{"RMSE_loss": 2.058502674102783, "R^2 score": 0.14282865822315216, "training_duration": 7.629264, "inference_latency": 0.00021571250000000007}