{"RMSE_loss": 4.521939277648926, "R^2 score": -3.2753961086273193, "training_duration": 1.065508, "inference_latency": 0.00021056666666666664}