{"RMSE_loss": 7.5504560470581055, "R^2 score": -10.704301834106445, "training_duration": 0.784185, "inference_latency": 0.00031185000000000007}