{"RMSE_loss": 2.342780828475952, "R^2 score": -0.11723978817462921, "training_duration": 7.832655, "inference_latency": 0.00030311000000000004}