{"RMSE_loss": 195.91322326660156, "R^2 score": -1.6462475061416626, "training_duration": 10.896222, "inference_latency": 0.00027886999999999986}