{"RMSE_loss": 2.1249985694885254, "R^2 score": 0.07919303327798843, "training_duration": 0.828041, "inference_latency": 0.00028109999999999995}