{"RMSE_loss": 2.322360038757324, "R^2 score": -0.1752944141626358, "training_duration": 11.472583, "inference_latency": 0.0003529216666666664}