{"RMSE_loss": 3.215998649597168, "R^2 score": -1.1467856168746948, "training_duration": 10.790822, "inference_latency": 0.0003741750000000003}