{"RMSE_loss": 177.71990966796875, "R^2 score": -0.9924122095108032, "training_duration": 10.655691, "inference_latency": 0.0002015783333333332}