{"RMSE_loss": 3.135875701904297, "R^2 score": -1.184373140335083, "training_duration": 0.758566, "inference_latency": 0.000326975}