{"RMSE_loss": 2.241347074508667, "R^2 score": 0.051238078624010086, "training_duration": 1.073652, "inference_latency": 0.00022819999999999996}