{"RMSE_loss": 1.4509503841400146, "R^2 score": -0.1788645088672638, "training_duration": 10.393923, "inference_latency": 0.00026070833333333333}