{"RMSE_loss": 129.08612060546875, "R^2 score": -0.6060931086540222, "training_duration": 11.140754, "inference_latency": 0.0002538783333333334}