{"RMSE_loss": 2.5301365852355957, "R^2 score": -0.3220422863960266, "training_duration": 0.790607, "inference_latency": 0.00033285}