{"RMSE_loss": 2.1107850074768066, "R^2 score": 0.21272416412830353, "training_duration": 1.100345, "inference_latency": 0.00015761666666666666}