{"RMSE_loss": 195.22555541992188, "R^2 score": -1.6438322067260742, "training_duration": 10.402405, "inference_latency": 0.00023270166666666684}