{"RMSE_loss": 3.206674814224243, "R^2 score": -1.0095568895339966, "training_duration": 1.044738, "inference_latency": 0.00018416666666666665}