{"RMSE_loss": 139.5675811767578, "R^2 score": -0.22904939949512482, "training_duration": 10.90165, "inference_latency": 0.0003210733333333331}