{"RMSE_loss": 191.39825439453125, "R^2 score": -1.6232024431228638, "training_duration": 10.421577, "inference_latency": 0.00022060833333333344}