{"RMSE_loss": 4.467269420623779, "R^2 score": -2.9169869422912598, "training_duration": 0.909495, "inference_latency": 0.000829625}