{"RMSE_loss": 8.275129318237305, "R^2 score": -11.099613189697266, "training_duration": 0.780108, "inference_latency": 0.00016765000000000004}