{"RMSE_loss": 2.398982048034668, "R^2 score": -0.036446478217840195, "training_duration": 1.06031, "inference_latency": 0.00022175000000000002}