{"RMSE_loss": 1.4946379661560059, "R^2 score": -0.335494726896286, "training_duration": 10.236101, "inference_latency": 0.00022731333333333292}