{"RMSE_loss": 1.7904913425445557, "R^2 score": -1.481305718421936, "training_duration": 10.348782, "inference_latency": 0.00019893833333333333}