{"RMSE_loss": 2.8887319564819336, "R^2 score": -0.7573816180229187, "training_duration": 7.956036, "inference_latency": 0.00036947249999999966}