{"RMSE_loss": 106.89363861083984, "R^2 score": 0.19744955003261566, "training_duration": 10.416454, "inference_latency": 0.0002849266666666667}