{"RMSE_loss": 2.0567750930786133, "R^2 score": 0.20930305123329163, "training_duration": 1.013177, "inference_latency": 0.00020339999999999998}