{"RMSE_loss": 1.0817371606826782, "R^2 score": -0.04269736632704735, "training_duration": 10.814777, "inference_latency": 0.00027041333333333327}