{"RMSE_loss": 168.05813598632812, "R^2 score": -0.9396054148674011, "training_duration": 10.843753, "inference_latency": 0.00022800166666666653}