{"RMSE_loss": 0.6457638740539551, "R^2 score": -0.40285882353782654, "training_duration": 11.246393, "inference_latency": 0.00019936666666666667}