{"RMSE_loss": 3.180999517440796, "R^2 score": -0.8429666757583618, "training_duration": 1.057304, "inference_latency": 0.00022755000000000008}