{"RMSE_loss": 4.172613143920898, "R^2 score": -2.0375280380249023, "training_duration": 1.023666, "inference_latency": 0.00020898333333333336}