{"RMSE_loss": 206.31198120117188, "R^2 score": -1.5123056173324585, "training_duration": 1.150113, "inference_latency": 0.00034050000000000004}