{"RMSE_loss": 136.06900024414062, "R^2 score": -0.16545456647872925, "training_duration": 10.653177, "inference_latency": 0.00025988499999999985}