{"RMSE_loss": 126.43423461914062, "R^2 score": -0.011460871435701847, "training_duration": 11.011228, "inference_latency": 0.000307528333333333}