{"RMSE_loss": 1.5396069288253784, "R^2 score": -0.3800608515739441, "training_duration": 10.295656, "inference_latency": 0.00022077499999999996}