{"RMSE_loss": 203.21731567382812, "R^2 score": -1.5890185832977295, "training_duration": 10.147126, "inference_latency": 0.00019664166666666645}