{"RMSE_loss": 1.2905545234680176, "R^2 score": 0.5782296657562256, "training_duration": 10.492625, "inference_latency": 0.00021446500000000003}