{"RMSE_loss": 2.6831023693084717, "R^2 score": -0.7428316473960876, "training_duration": 7.735986, "inference_latency": 0.0002642149999999997}