{"RMSE_loss": 2.6967062950134277, "R^2 score": -0.4110954701900482, "training_duration": 0.83644, "inference_latency": 0.0002408}