{"RMSE_loss": 197.312744140625, "R^2 score": -1.6236915588378906, "training_duration": 11.044733, "inference_latency": 0.0003022816666666664}