{"RMSE_loss": 9.276718139648438, "R^2 score": -15.586058616638184, "training_duration": 1.089499, "inference_latency": 0.00018655}