{"RMSE_loss": 2.9845151901245117, "R^2 score": -0.8605287671089172, "training_duration": 0.859825, "inference_latency": 0.00028284999999999986}