{"RMSE_loss": 2.4089107513427734, "R^2 score": -1.1548641920089722, "training_duration": 0.751292, "inference_latency": 0.00016502499999999999}