{"RMSE_loss": 3.8202695846557617, "R^2 score": -2.0449252128601074, "training_duration": 1.082236, "inference_latency": 0.00022281666666666664}