{"RMSE_loss": 1.2992416620254517, "R^2 score": 0.6484432220458984, "training_duration": 11.932695, "inference_latency": 0.00027825999999999995}