{"RMSE_loss": 2.7431461811065674, "R^2 score": -0.5862215757369995, "training_duration": 0.857232, "inference_latency": 0.00034584999999999987}