{"RMSE_loss": 149.55001831054688, "R^2 score": -0.38346153497695923, "training_duration": 11.597722, "inference_latency": 0.0002215783333333334}