{"RMSE_loss": 6.358584403991699, "R^2 score": -6.883124828338623, "training_duration": 1.103389, "inference_latency": 0.00020389999999999997}