{"RMSE_loss": 5.616811752319336, "R^2 score": -5.092051982879639, "training_duration": 1.021455, "inference_latency": 0.00021095000000000003}