{"RMSE_loss": 3.4431567192077637, "R^2 score": -10.248703956604004, "training_duration": 10.758837, "inference_latency": 0.00016043333333333327}