{"RMSE_loss": 2.334333896636963, "R^2 score": -0.10919670760631561, "training_duration": 0.80556, "inference_latency": 0.00021369999999999996}