{"RMSE_loss": 4.24372673034668, "R^2 score": -1.988416314125061, "training_duration": 0.879545, "inference_latency": 0.00022479999999999996}