{"RMSE_loss": 2.641838788986206, "R^2 score": -0.37569695711135864, "training_duration": 1.023144, "inference_latency": 0.00019166666666666665}