{"RMSE_loss": 4.619822025299072, "R^2 score": -3.2004446983337402, "training_duration": 0.823107, "inference_latency": 0.00047395}