{"RMSE_loss": 2.255254030227661, "R^2 score": 0.03241109848022461, "training_duration": 1.076519, "inference_latency": 0.0001470666666666667}