{"RMSE_loss": 5.346867561340332, "R^2 score": -4.117778301239014, "training_duration": 1.052179, "inference_latency": 0.00020846666666666667}