{"RMSE_loss": 2.9437217712402344, "R^2 score": -0.7919139266014099, "training_duration": 12.174366, "inference_latency": 0.0008639616666666656}