{"RMSE_loss": 2.328289031982422, "R^2 score": 0.024431820958852768, "training_duration": 1.081455, "inference_latency": 0.00020333333333333333}