{"RMSE_loss": 200.8694305419922, "R^2 score": -1.771756887435913, "training_duration": 1.067463, "inference_latency": 0.00021610000000000002}