{"RMSE_loss": 133.70350646972656, "R^2 score": -0.3216651380062103, "training_duration": 10.131498, "inference_latency": 0.00023233166666666684}