{"RMSE_loss": 4.517248630523682, "R^2 score": -3.056159496307373, "training_duration": 0.95507, "inference_latency": 0.0014180249999999998}