{"RMSE_loss": 202.45632934570312, "R^2 score": -1.6366666555404663, "training_duration": 11.065204, "inference_latency": 0.0002963183333333332}