{"RMSE_loss": 1.6133627891540527, "R^2 score": -0.5686638951301575, "training_duration": 11.138166, "inference_latency": 0.00020615833333333352}