{"RMSE_loss": 2.519651174545288, "R^2 score": -0.8611764311790466, "training_duration": 11.252096, "inference_latency": 0.000267691666666667}