{"RMSE_loss": 2.8607490062713623, "R^2 score": -0.7498867511749268, "training_duration": 1.09573, "inference_latency": 0.00019234999999999999}