{"RMSE_loss": 205.55320739746094, "R^2 score": -1.5395549535751343, "training_duration": 1.18366, "inference_latency": 0.00028960000000000005}