{"RMSE_loss": 2.3889870643615723, "R^2 score": -0.16069062054157257, "training_duration": 1.03389, "inference_latency": 0.00015826666666666665}