{"RMSE_loss": 2.3399617671966553, "R^2 score": 0.0010993957985192537, "training_duration": 1.095057, "inference_latency": 0.00021423333333333335}