{"RMSE_loss": 4.300118923187256, "R^2 score": -2.4404194355010986, "training_duration": 1.044758, "inference_latency": 0.0002770333333333334}