{"RMSE_loss": 187.69676208496094, "R^2 score": -1.6240118741989136, "training_duration": 10.331095, "inference_latency": 0.0002049566666666666}