{"RMSE_loss": 99.24024963378906, "R^2 score": 0.28308218717575073, "training_duration": 10.518628, "inference_latency": 0.00023430833333333337}