{"RMSE_loss": 189.63047790527344, "R^2 score": -1.5107852220535278, "training_duration": 10.733674, "inference_latency": 0.00024055999999999985}