{"RMSE_loss": 1.340449571609497, "R^2 score": 0.6386587619781494, "training_duration": 10.42136, "inference_latency": 0.00021282000000000004}