{"RMSE_loss": 1.9796148538589478, "R^2 score": 0.2133658230304718, "training_duration": 7.810374, "inference_latency": 0.0002179774999999999}