{"RMSE_loss": 0.4817548990249634, "R^2 score": 0.7654062509536743, "training_duration": 10.821699, "inference_latency": 0.00026296999999999985}