{"RMSE_loss": 4.144428730010986, "R^2 score": -2.2138664722442627, "training_duration": 1.045003, "inference_latency": 0.0001362}