{"RMSE_loss": 197.0879669189453, "R^2 score": -1.5173009634017944, "training_duration": 10.197298, "inference_latency": 0.00021312166666666646}