{"RMSE_loss": 5.5381245613098145, "R^2 score": -4.348340034484863, "training_duration": 1.098412, "inference_latency": 0.0001623500000000001}