{"RMSE_loss": 3.491022825241089, "R^2 score": -1.4475384950637817, "training_duration": 0.753272, "inference_latency": 0.00025959999999999997}