{"RMSE_loss": 5.674570560455322, "R^2 score": -4.573891639709473, "training_duration": 0.793354, "inference_latency": 0.00021325000000000003}