{"RMSE_loss": 2.2594234943389893, "R^2 score": -1.800696611404419, "training_duration": 10.424247, "inference_latency": 0.0002815083333333332}