{"RMSE_loss": 2.2861506938934326, "R^2 score": -0.10767556726932526, "training_duration": 1.108964, "inference_latency": 0.0002379}