{"RMSE_loss": 4.493950366973877, "R^2 score": -3.02034068107605, "training_duration": 0.819895, "inference_latency": 0.0005894250000000001}