{"RMSE_loss": 149.26083374023438, "R^2 score": -0.5778858065605164, "training_duration": 10.962684, "inference_latency": 0.0002511866666666666}