{"RMSE_loss": 4.1769890785217285, "R^2 score": -2.4198827743530273, "training_duration": 1.095351, "inference_latency": 0.00018059999999999997}