{"RMSE_loss": 1.1994686126708984, "R^2 score": 0.6985885500907898, "training_duration": 10.437514, "inference_latency": 0.00026117166666666657}