{"RMSE_loss": 2.741238594055176, "R^2 score": -0.632142186164856, "training_duration": 11.336454, "inference_latency": 0.000532091666666667}