{"RMSE_loss": 2.305196523666382, "R^2 score": 0.12581448256969452, "training_duration": 0.772048, "inference_latency": 0.000193425}