{"RMSE_loss": 2.4204394817352295, "R^2 score": -0.002336140489205718, "training_duration": 1.055342, "inference_latency": 0.00040116666666666664}