{"RMSE_loss": 3.1261537075042725, "R^2 score": -0.7884329557418823, "training_duration": 1.082081, "inference_latency": 0.00019393333333333338}