{"RMSE_loss": 4.846055030822754, "R^2 score": -2.9040846824645996, "training_duration": 0.834779, "inference_latency": 0.000321425}