{"RMSE_loss": 100.26870727539062, "R^2 score": 0.25785037875175476, "training_duration": 10.197914, "inference_latency": 0.0002494349999999999}