{"RMSE_loss": 2.069363594055176, "R^2 score": 0.050880953669548035, "training_duration": 7.901579, "inference_latency": 0.00027627999999999973}