{"RMSE_loss": 3.16845703125, "R^2 score": -0.978531539440155, "training_duration": 1.114471, "inference_latency": 0.00018823333333333343}