{"RMSE_loss": 129.4660186767578, "R^2 score": -0.2095278650522232, "training_duration": 10.098191, "inference_latency": 0.00022758000000000015}