{"RMSE_loss": 189.41343688964844, "R^2 score": -1.2469831705093384, "training_duration": 10.463386, "inference_latency": 0.0002067216666666668}