{"RMSE_loss": 4.918476104736328, "R^2 score": -3.1023123264312744, "training_duration": 0.824345, "inference_latency": 0.00019137499999999998}