{"RMSE_loss": 5.3293538093566895, "R^2 score": -4.891819477081299, "training_duration": 7.839334, "inference_latency": 0.00024915249999999994}