{"RMSE_loss": 1.2246451377868652, "R^2 score": 0.6857414841651917, "training_duration": 10.782288, "inference_latency": 0.0001470849999999999}