{"RMSE_loss": 2.6862025260925293, "R^2 score": -0.42390722036361694, "training_duration": 1.017925, "inference_latency": 0.00015219999999999999}