{"RMSE_loss": 1.3572386503219604, "R^2 score": -0.0021988870576024055, "training_duration": 10.440602, "inference_latency": 0.00027588499999999996}