{"RMSE_loss": 4.519101619720459, "R^2 score": -2.5641069412231445, "training_duration": 0.768447, "inference_latency": 0.0002701}