{"RMSE_loss": 188.9437255859375, "R^2 score": -1.6312780380249023, "training_duration": 10.993313, "inference_latency": 0.0006238383333333328}