{"RMSE_loss": 2.64725399017334, "R^2 score": -0.5101355910301208, "training_duration": 0.800236, "inference_latency": 0.00023015}