{"RMSE_loss": 5.592141628265381, "R^2 score": -4.972524642944336, "training_duration": 1.042106, "inference_latency": 0.00021623333333333335}