{"RMSE_loss": 1.3553459644317627, "R^2 score": -0.003209182294085622, "training_duration": 10.355947, "inference_latency": 0.00018615166666666665}