{"RMSE_loss": 1.5183336734771729, "R^2 score": -0.29318732023239136, "training_duration": 10.217142, "inference_latency": 0.00023056166666666683}