{"RMSE_loss": 1.5230298042297363, "R^2 score": -0.5008871555328369, "training_duration": 10.437651, "inference_latency": 0.0002429133333333335}