{"RMSE_loss": 4.620462894439697, "R^2 score": -3.1725761890411377, "training_duration": 0.77302, "inference_latency": 0.00033674999999999997}