{"RMSE_loss": 4.45004940032959, "R^2 score": -2.9455089569091797, "training_duration": 0.75487, "inference_latency": 0.000373175}