{"RMSE_loss": 1.5764514207839966, "R^2 score": -3.1938090324401855, "training_duration": 10.355529, "inference_latency": 0.00020920166666666665}