{"RMSE_loss": 2.4980485439300537, "R^2 score": -0.2815690338611603, "training_duration": 1.059472, "inference_latency": 0.00014926666666666664}