{"RMSE_loss": 5.028569221496582, "R^2 score": -3.6589834690093994, "training_duration": 1.059494, "inference_latency": 0.00024195}