{"RMSE_loss": 204.664794921875, "R^2 score": -1.612461805343628, "training_duration": 1.128556, "inference_latency": 0.00023683333333333336}