{"RMSE_loss": 9.711612701416016, "R^2 score": -25009.712890625, "training_duration": 10.300238, "inference_latency": 0.000212885}