{"validation_score": -0.3211067684387213, "R^2_score": 0.8666488386662597, "RMSE": 0.3659494389379348}