{"validation_score": -18093.09625794773, "R^2_score_train": -54.81737855883568, "RMSE_train": 139.16896444997695, "R^2_score_test": -35.29759163263129, "RMSE_test": 111.14639772415866, "R^2_score_validation": -53.7399160762471, "RMSE_validation": 137.18004875505272}