{"RMSE_loss": 2.594984769821167, "R^2 score": -0.33008384704589844, "training_duration": 1.045914, "inference_latency": 0.00016493333333333335}