{"RMSE_loss": 206.23802185058594, "R^2 score": -1.4798550605773926, "training_duration": 1.310313, "inference_latency": 0.0006831333333333336}