{"RMSE_loss": 17.395933151245117, "R^2 score": -51.9492073059082, "training_duration": 1.025311, "inference_latency": 0.00017894999999999993}