{"RMSE_loss": 3.6671555042266846, "R^2 score": -1.5270811319351196, "training_duration": 1.051605, "inference_latency": 0.00023141666666666674}