{"RMSE_loss": 202.52810668945312, "R^2 score": -1.6434718370437622, "training_duration": 10.882426, "inference_latency": 0.00024617666666666656}