{"RMSE_loss": 0.5635349750518799, "R^2 score": 0.6755080223083496, "training_duration": 10.581204, "inference_latency": 0.0002820166666666666}