{"RMSE_loss": 135.6097869873047, "R^2 score": -2.60292387008667, "training_duration": 10.263964, "inference_latency": 0.0002657900000000002}