{"RMSE_loss": 127.45010375976562, "R^2 score": -0.18370185792446136, "training_duration": 10.325567, "inference_latency": 0.0002537749999999999}