{"RMSE_loss": 11.496757507324219, "R^2 score": -83.88716125488281, "training_duration": 11.055254, "inference_latency": 0.00019647666666666657}