{"RMSE_loss": 6.2110161781311035, "R^2 score": -5.761661529541016, "training_duration": 0.7825, "inference_latency": 0.00025320000000000014}