{"RMSE_loss": 121.2462387084961, "R^2 score": -0.09984439611434937, "training_duration": 10.117426, "inference_latency": 0.00022953166666666685}