{"RMSE_loss": 1.3481985330581665, "R^2 score": 0.018142802640795708, "training_duration": 10.588272, "inference_latency": 0.00022506166666666646}