{"RMSE_loss": 3.8776206970214844, "R^2 score": -1.7101008892059326, "training_duration": 1.047093, "inference_latency": 0.0002036166666666666}