{"RMSE_loss": 6.153149604797363, "R^2 score": -6.101609230041504, "training_duration": 1.037171, "inference_latency": 0.0002161333333333333}