{"RMSE_loss": 0.9506480097770691, "R^2 score": -0.579099178314209, "training_duration": 11.150645, "inference_latency": 0.00021647833333333344}