{"RMSE_loss": 184.069580078125, "R^2 score": -1.420588731765747, "training_duration": 10.415832, "inference_latency": 0.0002756100000000001}