{"RMSE_loss": 4.823340892791748, "R^2 score": -3.0420000553131104, "training_duration": 1.036953, "inference_latency": 0.00019306666666666668}