{"RMSE_loss": 1.4936583042144775, "R^2 score": 0.5538955926895142, "training_duration": 10.824651, "inference_latency": 0.00019091166666666693}