{"RMSE_loss": 162.11070251464844, "R^2 score": -0.6728975772857666, "training_duration": 10.323502, "inference_latency": 0.00017259000000000008}