{"RMSE_loss": 4.455358982086182, "R^2 score": -2.4197447299957275, "training_duration": 1.019007, "inference_latency": 0.00024239999999999996}