{"RMSE_loss": 5.102865219116211, "R^2 score": -4.256633758544922, "training_duration": 1.055565, "inference_latency": 0.00022856666666666673}