{"RMSE_loss": 4.580931663513184, "R^2 score": -3.116100311279297, "training_duration": 0.888689, "inference_latency": 0.0013839500000000001}