{"RMSE_loss": 139.62362670898438, "R^2 score": -0.2883601188659668, "training_duration": 10.523951, "inference_latency": 0.00017851500000000008}