{"RMSE_loss": 0.5647480487823486, "R^2 score": 0.6681328415870667, "training_duration": 10.800404, "inference_latency": 0.00029380166666666626}