{"RMSE_loss": 1.5194698572158813, "R^2 score": -1.6664543151855469, "training_duration": 10.19603, "inference_latency": 0.00020763999999999998}