{"RMSE_loss": 200.91136169433594, "R^2 score": -1.6349685192108154, "training_duration": 10.540284, "inference_latency": 0.00023221000000000006}