{"RMSE_loss": 103.57263946533203, "R^2 score": 0.19998736679553986, "training_duration": 11.010173, "inference_latency": 0.0005748466666666663}