{"RMSE_loss": 4.541376113891602, "R^2 score": -3.0730490684509277, "training_duration": 0.794749, "inference_latency": 0.0005532499999999998}