{"RMSE_loss": 3.9457144737243652, "R^2 score": -6.550872802734375, "training_duration": 0.798297, "inference_latency": 0.00019514999999999997}