{"RMSE_loss": 1.0766708850860596, "R^2 score": -0.04654283449053764, "training_duration": 10.253193, "inference_latency": 0.0002645633333333335}