{"RMSE_loss": 0.4891120493412018, "R^2 score": 0.7516028881072998, "training_duration": 10.948393, "inference_latency": 0.0002656149999999998}