{"RMSE_loss": 207.07656860351562, "R^2 score": -1.512868046760559, "training_duration": 1.10577, "inference_latency": 0.00021899999999999996}