{"RMSE_loss": 4.3880228996276855, "R^2 score": -2.7787885665893555, "training_duration": 1.013615, "inference_latency": 0.00024203333333333346}