{"RMSE_loss": 4.254004001617432, "R^2 score": -2.528804302215576, "training_duration": 1.038075, "inference_latency": 0.00016200000000000006}