{"RMSE_loss": 4.133263111114502, "R^2 score": -1.9314266443252563, "training_duration": 1.022622, "inference_latency": 0.0002277166666666666}