{"RMSE_loss": 2.591545820236206, "R^2 score": -1.2358256578445435, "training_duration": 10.398362, "inference_latency": 0.00020465166666666675}