{"RMSE_loss": 3.66139817237854, "R^2 score": -1.7211934328079224, "training_duration": 1.002683, "inference_latency": 0.0002276166666666667}