{"RMSE_loss": 5.155030727386475, "R^2 score": -4.65180778503418, "training_duration": 1.069298, "inference_latency": 0.0002252}