{"RMSE_loss": 179.62767028808594, "R^2 score": -1.329673409461975, "training_duration": 10.853821, "inference_latency": 0.00018550166666666656}