{"RMSE_loss": 203.9345245361328, "R^2 score": -1.4931213855743408, "training_duration": 1.229798, "inference_latency": 0.00042175000000000003}