{"RMSE_loss": 3.4389877319335938, "R^2 score": -1.786195158958435, "training_duration": 0.755632, "inference_latency": 0.00023002500000000002}