{"RMSE_loss": 3.1169943809509277, "R^2 score": -1.1503517627716064, "training_duration": 1.126833, "inference_latency": 0.00019415000000000003}