{"RMSE_loss": 143.59922790527344, "R^2 score": -0.43510183691978455, "training_duration": 10.380076, "inference_latency": 0.00019401166666666673}