{"RMSE_loss": 4.284761905670166, "R^2 score": -2.3178603649139404, "training_duration": 1.057387, "inference_latency": 0.0002407166666666667}