{"RMSE_loss": 1.6008180379867554, "R^2 score": -0.40695878863334656, "training_duration": 10.522206, "inference_latency": 0.00017244499999999994}