{"RMSE_loss": 1.9470707178115845, "R^2 score": 0.28594329953193665, "training_duration": 10.994272, "inference_latency": 0.00038761833333333327}