{"RMSE_loss": 1.068634033203125, "R^2 score": -4.169121265411377, "training_duration": 10.526929, "inference_latency": 0.0002204283333333332}