{"RMSE_loss": 116.81591033935547, "R^2 score": 0.17477534711360931, "training_duration": 10.141277, "inference_latency": 0.00021026833333333343}