{"RMSE_loss": 196.56753540039062, "R^2 score": -1.6066112518310547, "training_duration": 10.720026, "inference_latency": 0.0002907000000000004}