{"RMSE_loss": 3.1649680137634277, "R^2 score": -1.2040917873382568, "training_duration": 7.848677, "inference_latency": 0.00031841749999999983}