{"RMSE_loss": 4.992151260375977, "R^2 score": -3.336716413497925, "training_duration": 0.84239, "inference_latency": 0.00028934999999999996}