{"RMSE_loss": 4.4604902267456055, "R^2 score": -2.919872522354126, "training_duration": 0.813535, "inference_latency": 0.0004680749999999999}