{"RMSE_loss": 3.1199097633361816, "R^2 score": -0.9061083793640137, "training_duration": 11.338299, "inference_latency": 0.0007785766666666661}