{"RMSE_loss": 2.073303699493408, "R^2 score": -0.10544311255216599, "training_duration": 13.820112, "inference_latency": 0.0016638533333333332}