{"RMSE_loss": 123.33779907226562, "R^2 score": -0.062363892793655396, "training_duration": 11.083967, "inference_latency": 0.00027270833333333335}