{"RMSE_loss": 136.49424743652344, "R^2 score": -0.22063881158828735, "training_duration": 10.764143, "inference_latency": 0.00025381500000000044}