{"RMSE_loss": 196.05650329589844, "R^2 score": -1.6257860660552979, "training_duration": 10.220149, "inference_latency": 0.0002291766666666668}