{"RMSE_loss": 1.4096503257751465, "R^2 score": -0.1730671375989914, "training_duration": 10.287694, "inference_latency": 0.00022339833333333354}