{"RMSE_loss": 0.8904005885124207, "R^2 score": 0.27726784348487854, "training_duration": 10.791779, "inference_latency": 0.0002763299999999999}