{"RMSE_loss": 195.48130798339844, "R^2 score": -1.6483266353607178, "training_duration": 10.655901, "inference_latency": 0.00027692166666666665}