{"RMSE_loss": 2.5207712650299072, "R^2 score": -0.10999015718698502, "training_duration": 0.84801, "inference_latency": 0.0005959750000000001}