{"RMSE_loss": 4.29982852935791, "R^2 score": -2.260692834854126, "training_duration": 0.789027, "inference_latency": 0.0002674}