{"RMSE_loss": 201.49172973632812, "R^2 score": -1.595016360282898, "training_duration": 1.359073, "inference_latency": 0.0006612833333333333}