{"RMSE_loss": 2.7154338359832764, "R^2 score": -0.3254109025001526, "training_duration": 0.767039, "inference_latency": 0.0002735000000000001}