{"RMSE_loss": 1.38787043094635, "R^2 score": -0.07346641272306442, "training_duration": 10.49855, "inference_latency": 0.00022221000000000008}