{"RMSE_loss": 6.695021629333496, "R^2 score": -7.967255592346191, "training_duration": 1.112465, "inference_latency": 0.00020953333333333335}