{"RMSE_loss": 2.1834042072296143, "R^2 score": 0.12225481122732162, "training_duration": 1.078926, "inference_latency": 0.00017375}