{"RMSE_loss": 5.7567973136901855, "R^2 score": -4.737947463989258, "training_duration": 0.80118, "inference_latency": 0.0003086}