{"RMSE_loss": 183.91281127929688, "R^2 score": -1.5134886503219604, "training_duration": 10.430851, "inference_latency": 0.0002671633333333335}