{"RMSE_loss": 2.6293468475341797, "R^2 score": -0.4185578227043152, "training_duration": 0.746029, "inference_latency": 0.00024142499999999997}