{"RMSE_loss": 1.5190438032150269, "R^2 score": -0.7734845280647278, "training_duration": 10.443932, "inference_latency": 0.00021188666666666642}