{"RMSE_loss": 136.75991821289062, "R^2 score": -0.3351379930973053, "training_duration": 10.132377, "inference_latency": 0.0002326583333333334}