{"RMSE_loss": 0.6140440702438354, "R^2 score": -0.4565069079399109, "training_duration": 10.477771, "inference_latency": 0.00020076333333333312}