{"RMSE_loss": 0.8770497441291809, "R^2 score": 0.2657562494277954, "training_duration": 10.3813, "inference_latency": 0.00023432000000000018}