{"RMSE_loss": 4.165220260620117, "R^2 score": -2.531043291091919, "training_duration": 0.755361, "inference_latency": 0.00026092499999999996}