{"RMSE_loss": 1.7662060260772705, "R^2 score": -0.17345066368579865, "training_duration": 10.298722, "inference_latency": 0.00019951333333333344}