{"RMSE_loss": 1.2970125675201416, "R^2 score": 0.6399402618408203, "training_duration": 11.87728, "inference_latency": 0.00036164166666666697}