{"RMSE_loss": 3.9996819496154785, "R^2 score": -2.005378484725952, "training_duration": 1.040128, "inference_latency": 0.0002076499999999999}