{"RMSE_loss": 3.9024956226348877, "R^2 score": -1.6422674655914307, "training_duration": 0.825085, "inference_latency": 0.00022274999999999994}