{"RMSE_loss": 7.593876838684082, "R^2 score": -9.082769393920898, "training_duration": 0.806629, "inference_latency": 0.000240825}