{"RMSE_loss": 105.55790710449219, "R^2 score": 0.23496828973293304, "training_duration": 10.492415, "inference_latency": 0.0002443066666666667}