{"RMSE_loss": 2.725482225418091, "R^2 score": -0.4468771815299988, "training_duration": 1.102642, "inference_latency": 0.00021798333333333323}