{"RMSE_loss": 2.699155807495117, "R^2 score": -3.0445852279663086, "training_duration": 10.508097, "inference_latency": 0.0001327716666666665}