{"RMSE_loss": 3.8329007625579834, "R^2 score": -1.968459963798523, "training_duration": 7.99499, "inference_latency": 0.0002456724999999997}