{"RMSE_loss": 3.1725058555603027, "R^2 score": -0.8101831674575806, "training_duration": 0.809832, "inference_latency": 0.00027145}