{"RMSE_loss": 4.226512908935547, "R^2 score": -2.3169171810150146, "training_duration": 1.089636, "inference_latency": 0.00017511666666666668}