{"RMSE_loss": 2.5137431621551514, "R^2 score": -1.2157566547393799, "training_duration": 10.654988, "inference_latency": 0.00014169666666666663}