{"RMSE_loss": 1.3725664615631104, "R^2 score": -0.06864868104457855, "training_duration": 10.399683, "inference_latency": 0.0002929033333333333}