{"RMSE_loss": 11.530848503112793, "R^2 score": -24.407407760620117, "training_duration": 1.024476, "inference_latency": 0.00019056666666666667}