{"RMSE_loss": 6.292811393737793, "R^2 score": -7.110764503479004, "training_duration": 0.79785, "inference_latency": 0.00023495}