{"RMSE_loss": 5.7699785232543945, "R^2 score": -5.568975925445557, "training_duration": 1.060111, "inference_latency": 0.00018031666666666672}