{"RMSE_loss": 0.880414605140686, "R^2 score": -2.6928365230560303, "training_duration": 10.502547, "inference_latency": 0.00020357499999999978}