{"RMSE_loss": 5.829732418060303, "R^2 score": -5.216611862182617, "training_duration": 1.04507, "inference_latency": 0.00026691666666666666}