{"RMSE_loss": 1.395396113395691, "R^2 score": 0.5683149695396423, "training_duration": 10.315625, "inference_latency": 0.00018844499999999992}