{"RMSE_loss": 0.5193213224411011, "R^2 score": 0.7038440704345703, "training_duration": 10.532936, "inference_latency": 0.00024288166666666674}