{"RMSE_loss": 3.249713182449341, "R^2 score": -0.8485196232795715, "training_duration": 0.765501, "inference_latency": 0.000264825}