{"RMSE_loss": 201.9247589111328, "R^2 score": -1.6583983898162842, "training_duration": 10.251631, "inference_latency": 0.00013834500000000003}