{"RMSE_loss": 3.420933485031128, "R^2 score": -1.0611326694488525, "training_duration": 0.796437, "inference_latency": 0.000268925}