{"RMSE_loss": 166.72230529785156, "R^2 score": -0.8072803616523743, "training_duration": 10.080082, "inference_latency": 0.00020389333333333345}