{"RMSE_loss": 1.3699676990509033, "R^2 score": -0.21289514005184174, "training_duration": 10.364231, "inference_latency": 0.00020733499999999976}