{"RMSE_loss": 2.176168441772461, "R^2 score": 0.06545128673315048, "training_duration": 0.885581, "inference_latency": 0.000214125}