{"RMSE_loss": 4.107780933380127, "R^2 score": -2.6929190158843994, "training_duration": 0.774212, "inference_latency": 0.00027759999999999997}