{"RMSE_loss": 4.488770961761475, "R^2 score": -3.1461825370788574, "training_duration": 1.046346, "inference_latency": 0.00022208333333333336}