{"RMSE_loss": 5.059976100921631, "R^2 score": -3.659742832183838, "training_duration": 1.036803, "inference_latency": 0.0002327000000000001}