{"RMSE_loss": 4.8233208656311035, "R^2 score": -3.3837828636169434, "training_duration": 1.042631, "inference_latency": 0.00025393333333333345}