{"RMSE_loss": 1.352157711982727, "R^2 score": 0.006545055657625198, "training_duration": 10.397549, "inference_latency": 0.00029541166666666657}