{"RMSE_loss": 110.99465942382812, "R^2 score": 0.24044613540172577, "training_duration": 10.565153, "inference_latency": 0.0002908583333333327}