{"RMSE_loss": 161.69891357421875, "R^2 score": -0.6982560753822327, "training_duration": 10.225916, "inference_latency": 0.00015183833333333327}