{"RMSE_loss": 193.79241943359375, "R^2 score": -1.6570316553115845, "training_duration": 10.258589, "inference_latency": 0.0002604833333333334}