{"RMSE_loss": 4.7497944831848145, "R^2 score": -2.8871467113494873, "training_duration": 0.791074, "inference_latency": 0.00026395000000000005}