{"RMSE_loss": 0.9584259986877441, "R^2 score": 0.0977003276348114, "training_duration": 10.632295, "inference_latency": 0.0002805549999999998}