{"RMSE_loss": 201.85491943359375, "R^2 score": -1.6090960502624512, "training_duration": 1.212742, "inference_latency": 0.00027831666666666677}