{"RMSE_loss": 1.1190624237060547, "R^2 score": -1.4582021236419678, "training_duration": 10.616766, "inference_latency": 0.00021776666666666663}