{"RMSE_loss": 2.6727423667907715, "R^2 score": -0.3998667299747467, "training_duration": 1.082237, "inference_latency": 0.00021548333333333333}