{"RMSE_loss": 8.272817611694336, "R^2 score": -13.582653045654297, "training_duration": 1.045609, "inference_latency": 0.00016313333333333333}