{"RMSE_loss": 14.381734848022461, "R^2 score": -38.1508674621582, "training_duration": 1.093574, "inference_latency": 0.00013930000000000002}