{"RMSE_loss": 177.45315551757812, "R^2 score": -1.354163646697998, "training_duration": 10.24689, "inference_latency": 0.00019502666666666678}