{"RMSE_loss": 108.04332733154297, "R^2 score": 0.16991166770458221, "training_duration": 10.558577, "inference_latency": 0.00020427333333333342}