{"RMSE_loss": 105.36101531982422, "R^2 score": 0.23564882576465607, "training_duration": 10.232798, "inference_latency": 0.00019603000000000006}