{"RMSE_loss": 190.49703979492188, "R^2 score": -1.3151044845581055, "training_duration": 10.892621, "inference_latency": 0.0003275733333333333}