{"RMSE_loss": 3.174661874771118, "R^2 score": -0.8795823454856873, "training_duration": 1.045249, "inference_latency": 0.00021028333333333342}