{"RMSE_loss": 131.08090209960938, "R^2 score": -0.15336047112941742, "training_duration": 10.320878, "inference_latency": 0.0002489600000000005}