{"RMSE_loss": 1.4665228128433228, "R^2 score": -1.2899090051651, "training_duration": 10.424883, "inference_latency": 0.00021379499999999991}