{"RMSE_loss": 2.73887038230896, "R^2 score": -0.5941316485404968, "training_duration": 1.088192, "inference_latency": 0.00019975000000000003}