{"RMSE_loss": 186.1681671142578, "R^2 score": -1.4134199619293213, "training_duration": 11.211746, "inference_latency": 0.0003168033333333336}