{"RMSE_loss": 4.363827705383301, "R^2 score": -2.7611002922058105, "training_duration": 0.832245, "inference_latency": 0.0009471999999999999}