{"RMSE_loss": 203.25515747070312, "R^2 score": -1.6113475561141968, "training_duration": 10.195212, "inference_latency": 0.00016837833333333335}