{"RMSE_loss": 2.953162431716919, "R^2 score": -0.6022758483886719, "training_duration": 1.042179, "inference_latency": 0.0001614}